strategy,family,tf,oos_days,oos_trades,oos_win,oos_avg_r,oos_net,oos_pf,oos_dd,oos_sharpe,oos_cost_share,pos_windows,ex_best_window,p_vs_random,ho_trades,ho_win,ho_net,ho_pf,ho_dd
"trend (fleet default 20/50/20, 2ATR, 3ATR trail)",trend,15m,225,439,0.269,-0.139,-242.1,0.7,54.0,-2.53,0.21,2/5,-276.6,0.715,70,0.129,-132.2,0.22,29.8
"turtle S1 (20/10, 2N)",turtle,15m,225,453,0.241,-0.188,-297.9,0.68,63.8,-3.4,0.19,0/5,-284.8,0.995,89,0.202,-135.2,0.42,29.5
"turtle S2 (55/20, 2N)",turtle,15m,225,276,0.236,-0.232,-247.7,0.63,56.3,-2.74,0.17,1/5,-250.5,0.97,68,0.294,-88.0,0.55,22.6
turtle 20/10 + chandelier,turtle,15m,225,558,0.256,-0.17,-313.3,0.6,64.9,-4.5,0.2,0/5,-262.7,1.0,99,0.162,-125.8,0.31,26.3
"tsmom (L=168 bars, H=48)",tsmom,15m,225,174,0.368,0.074,53.8,1.12,16.2,0.71,0.08,2/5,-29.5,0.16,38,0.184,-101.9,0.13,23.3
MA cross 50/200 long-only (Faber-style),macross,15m,225,50,0.24,-0.11,-28.4,0.75,12.4,-0.64,0.1,2/5,-58.7,0.67,15,0.4,-6.2,0.79,5.3
MACD 12/26/9 + EMA200,macd,15m,225,576,0.238,-0.131,-269.0,0.61,56.7,-4.75,0.25,0/5,-255.4,0.975,119,0.261,-90.5,0.43,18.1
Supertrend 10x3,supertrend,15m,225,367,0.264,-0.159,-225.8,0.65,47.5,-3.92,0.16,0/5,-204.5,1.0,76,0.303,-61.1,0.56,12.9
"Keltner 20, 2ATR breakout",keltner,15m,225,390,0.295,-0.131,-215.6,0.75,53.7,-2.04,0.19,1/5,-296.9,0.625,76,0.197,-120.9,0.32,30.8
Connors RSI(2) <10 / SMA200,rsi2,15m,225,786,0.485,-0.1,-273.7,0.43,54.8,-8.1,0.43,0/5,-242.4,0.905,156,0.449,-90.8,0.33,18.3
"Bollinger 20/2 + RSI35, no ADX",bbmr,15m,225,580,0.436,-0.15,-297.0,0.63,63.4,-4.79,0.25,0/5,-284.0,0.88,137,0.453,-82.1,0.69,17.8
ORB first 2h UTC,orb,15m,225,179,0.296,-0.179,-142.3,0.7,32.7,-2.37,0.12,1/5,-159.2,0.88,36,0.278,-52.7,0.54,10.5
"trend (fleet default 20/50/20, 2ATR, 3ATR trail)",trend,1h,480,398,0.294,-0.012,-73.8,0.91,49.0,-0.15,0.1,2/8,-193.2,0.125,35,0.286,-36.2,0.58,10.1
"turtle S1 (20/10, 2N)",turtle,1h,480,412,0.291,0.344,541.4,1.28,42.0,1.25,0.07,5/8,-27.1,0.035,39,0.179,-77.4,0.25,17.7
"turtle S2 (55/20, 2N)",turtle,1h,480,253,0.273,0.148,114.7,1.17,30.9,0.57,0.07,4/8,-33.2,0.375,21,0.19,-46.7,0.3,10.2
turtle 20/10 + chandelier,turtle,1h,480,539,0.369,0.011,9.2,1.01,28.4,0.18,0.09,3/8,-138.9,0.14,52,0.308,-44.1,0.54,10.5
"tsmom (L=168 bars, H=48)",tsmom,1h,480,104,0.413,0.081,36.3,1.15,17.7,0.38,0.04,5/8,11.1,0.075,9,0.111,-20.2,0.25,5.8
MA cross 50/200 long-only (Faber-style),macross,1h,480,33,0.242,0.181,22.8,1.22,14.9,0.36,0.03,4/8,-47.0,0.26,3,0.333,1.8,1.18,3.2
MACD 12/26/9 + EMA200,macd,1h,480,398,0.291,-0.089,-152.0,0.67,32.5,-2.08,0.13,2/8,-166.0,0.705,36,0.278,-22.7,0.55,5.2
Supertrend 10x3,supertrend,1h,480,238,0.361,0.251,316.1,1.54,19.7,1.66,0.06,4/8,86.7,0.005,21,0.381,-6.9,0.8,3.9
"Keltner 20, 2ATR breakout",keltner,1h,480,349,0.315,-0.058,-118.3,0.85,52.5,-0.49,0.1,2/8,-299.8,0.335,32,0.375,-42.5,0.41,10.1
Connors RSI(2) <10 / SMA200,rsi2,1h,480,688,0.597,-0.035,-110.5,0.75,24.1,-1.72,0.23,1/8,-111.4,0.055,77,0.61,-21.2,0.67,5.7
"Bollinger 20/2 + RSI35, no ADX",bbmr,1h,480,585,0.414,-0.119,-261.0,0.76,56.1,-2.08,0.13,1/8,-282.0,0.91,45,0.422,-29.8,0.71,11.2
ORB first 2h UTC,orb,1h,480,394,0.34,-0.126,-204.8,0.76,44.6,-1.76,0.11,2/8,-246.6,0.825,35,0.229,-54.9,0.48,11.0
"trend (fleet default 20/50/20, 2ATR, 3ATR trail)",trend,4h,480,120,0.292,0.336,164.6,1.47,24.2,0.79,0.04,3/8,-42.2,0.06,9,0.0,-36.2,0.0,7.4
"turtle S1 (20/10, 2N)",turtle,4h,480,139,0.338,0.022,-1.9,0.99,28.3,0.16,0.05,5/8,-46.3,0.53,13,0.154,-34.9,0.12,9.0
"turtle S2 (55/20, 2N)",turtle,4h,480,75,0.293,0.383,106.9,1.45,29.2,0.58,0.03,2/8,-67.7,0.155,4,0.0,-19.8,0.0,4.2
turtle 20/10 + chandelier,turtle,4h,480,120,0.375,0.067,32.6,1.15,12.6,0.44,0.05,5/8,-26.1,0.18,9,0.0,-24.0,0.0,4.9
"tsmom (L=168 bars, H=48)",tsmom,4h,480,1,0.0,-0.998,-5.0,0.0,1.3,-0.64,0.03,0/8,-5.0,0.915,0,,0.0,,0.0
MA cross 50/200 long-only (Faber-style),macross,4h,480,0,,,0.0,,0.0,,,0/8,0.0,0.475,0,,0.0,,0.0
MACD 12/26/9 + EMA200,macd,4h,480,75,0.373,0.033,10.3,1.09,7.1,0.2,0.06,3/8,-12.3,0.43,8,0.375,-7.3,0.34,2.0
Supertrend 10x3,supertrend,4h,480,37,0.378,0.457,86.0,2.12,7.5,1.03,0.03,4/8,22.3,0.02,2,0.0,-5.2,0.0,1.3
"Keltner 20, 2ATR breakout",keltner,4h,480,108,0.287,0.108,35.8,1.13,26.6,0.33,0.04,2/8,-52.6,0.365,8,0.0,-35.6,0.0,7.3
Connors RSI(2) <10 / SMA200,rsi2,4h,480,142,0.627,-0.022,-16.5,0.84,7.5,-0.47,0.12,2/8,-31.0,0.365,7,0.429,-1.3,0.49,1.5
"Bollinger 20/2 + RSI35, no ADX",bbmr,4h,480,166,0.392,-0.101,-83.6,0.8,23.3,-0.81,0.06,3/8,-115.3,0.815,12,0.583,12.0,1.46,3.2
