kind,name,oos_trades,oos_win_rate,oos_net,oos_avg_win,oos_avg_loss,oos_pf,oos_max_dd_pct,oos_pos_windows,p_vs_random,random_median,ho_cfg,ho_trades,ho_win_rate,ho_net,ho_pf,ho_avg_win,ho_avg_loss,ho_dd,pre_net_of_ho_cfg,configs,picks
standalone,lpsweep 15m,119,0.29411764705882354,-120.33348182800218,7.060835251112181,-4.374556138296767,0.6725287309054586,11.278070956810085,0/5,0.6666666666666666,-100.0007965378325,"{""k"": 2, ""src"": 1, ""L"": 150, ""buf"": 0.5, ""tgt"": ""3R"", ""align"": 0, ""timeBars"": 48}",28.0,0.21428571428571427,-49.67591104837966,0.4491400837676124,6.750489005777566,-4.099038412865684,10.494938259902364,-0.7080222849680808,288,
standalone,vpnode 15m,617,0.36628849270664504,-354.62419922625014,5.501065158595901,-4.08661106155735,0.7780637188647511,20.136847235091242,0/5,0.7166666666666667,-317.5917816797863,"{""N"": 96, ""buf"": 0.25, ""tgt"": ""2R"", ""timeBars"": 48}",72.0,0.19444444444444445,-135.6087708305656,0.4013573431683792,6.494164679971791,-3.905639247416736,29.371920458133427,-356.45482699622477,24,
standalone,lpsweep 1h,100,0.34,-18.92090284333008,8.540946552250023,-4.68656190333077,0.9388292842334344,8.120882561089767,4/8,0.18333333333333332,-67.74253602749795,"{""k"": 2, ""src"": 1, ""L"": 50, ""buf"": 0.25, ""tgt"": ""3R"", ""align"": 1, ""timeBars"": 48}",1.0,1.0,10.709666842669346,inf,10.709666842669346,0.0,0.31126546087184565,56.11394068324328,288,
standalone,vpnode 1h,336,0.37797619047619047,-196.64767537771584,5.7653959372225625,-4.444272533038188,0.7882897681634267,24.797964750351973,2/8,0.7333333333333333,-144.53896192674227,"{""N"": 192, ""buf"": 0.5, ""tgt"": ""2R"", ""timeBars"": 48}",26.0,0.3076923076923077,-31.873378487752632,0.585403893741698,5.6255954867218545,-4.271007910084859,12.014097790097841,-210.28150612501395,24,
standalone,lpsweep 4h,60,0.31666666666666665,-7.125114886065707,9.607396645762709,-4.625991491598956,0.962433288037896,8.124951635352563,4/8,0.38666666666666666,-21.04334928782732,"{""k"": 2, ""src"": 1, ""L"": 50, ""buf"": 0.5, ""tgt"": ""opp"", ""align"": 0, ""timeBars"": 48}",1.0,0.0,-4.903237942106659,0.0,0.0,-4.903237942106659,0.9806475884213341,0.27846385235201065,288,
standalone,vpnode 4h,118,0.3135593220338983,-119.31641644482184,6.74703857154586,-4.555022760395293,0.6766114560087729,12.033223666610413,3/8,0.96,-18.073331295136306,"{""N"": 96, ""buf"": 0.5, ""tgt"": ""2R"", ""timeBars"": 48}",8.0,1.0,63.14601276595344,inf,7.89325159574418,0.0,1.5058493729331626,17.748708007764122,24,
filter,Vega 1h Supertrend 10x3 + none (baseline),238,0.36134453781512604,316.14370798465234,10.47897221796419,-3.8489993602649197,1.5403723464233958,19.70566186802189,4/8,0.006666666666666667,68.94353713246124,,21.0,0.38095238095238093,-6.943756343733577,0.7993105404788992,3.4569688221966093,-2.661500532408189,3.8992215313629037,,1,
filter,Vega 1h Supertrend 10x3 + sweep 6,32,0.1875,-54.82372347742426,2.727951764160306,-2.738132079322542,0.22991123581832296,11.696698353531664,0/8,1.0,-3.4124617789635616,,3.0,0.3333333333333333,0.44565753724195467,1.085466346753243,5.660078817335382,-2.6072106400467137,1.7742013429454317,,1,
filter,Vega 1h Supertrend 10x3 + sweep 12,83,0.3373493975903614,56.300227273974826,7.665437549267866,-2.8787640746459155,1.355583323032944,9.63371854651908,4/8,0.26666666666666666,4.124325183431814,,8.0,0.25,-5.263241571442316,0.6983346539804868,6.092022219501364,-2.9078810017408405,2.734980715189723,,1,
filter,Vega 1h Supertrend 10x3 + sweep 24,169,0.3727810650887574,340.828097341055,12.382608470089341,-4.14411543655258,1.7758855799520585,14.123295725291173,3/8,0.0,33.38511103414863,,14.0,0.35714285714285715,-1.9236986808878185,0.918741830831502,4.350042503128905,-2.6304345773924833,3.8123297346103797,,1,
filter,Vega 1h Supertrend 10x3 + room 1,158,0.33544303797468356,219.54148467772836,11.348688403772126,-3.6375142925923276,1.5748077160557192,19.456750876330887,4/8,0.023333333333333334,35.6663453754761,,17.0,0.35294117647058826,-9.39048611813836,0.6827109932200908,3.3675860007449274,-2.690545647509811,3.8992215313628966,,1,
filter,Vega 1h Supertrend 10x3 + room 2,98,0.3673469387755102,280.6528972417426,14.820070922863636,-4.078542838408844,2.109871788105899,16.222779283197948,4/8,0.006666666666666667,3.5111921873172056,,14.0,0.35714285714285715,-7.883708854618643,0.6926883601769271,3.5540166078721356,-2.8504213215532577,3.8992215313628975,,1,
filter,Vega 1h Supertrend 10x3 + room 3,53,0.33962264150943394,135.90964567643425,15.112423304738359,-3.8889706802530366,1.9984988452933639,18.21245835635615,1/8,0.043333333333333335,-7.546887356140967,,9.0,0.3333333333333333,-3.727453695684949,0.737119897265932,3.483946048218398,-2.3632153067233577,3.020987276385319,,1,
filter-WF,Vega 1h Supertrend 10x3 + WF-selected filter,186,0.3279569892473118,266.77485121886264,10.397681505379042,-2.939869764874072,1.7259501203932817,10.001830309857258,3/8,,,,,,,,,,,,0,"None; None; None; ('sweep', 24); ('sweep', 24); ('room', 1); ('sweep', 12); None"
filter,Regal 4h trend (fleet 20/50/20) + none (baseline),120,0.2916666666666667,164.5553408753142,14.637091956587742,-4.091092677708902,1.4732098095251593,24.172788100044357,3/8,0.05,13.377947212501164,,9.0,0.0,-36.21891598577075,0.0,0.0,-4.024323998418972,7.44489500928003,,1,
filter,Regal 4h trend (fleet 20/50/20) + sweep 6,12,0.5833333333333334,110.15365280301286,17.760393694468792,-2.8338206116537377,8.77421494854117,9.483259027944356,4/8,0.0,-4.574842312788092,,2.0,0.0,-6.919321087019509,0.0,0.0,-3.4596605435097545,1.6346060638073983,,1,
filter,Regal 4h trend (fleet 20/50/20) + sweep 12,29,0.4827586206896552,290.62178569350317,25.189891749399994,-4.135779919873115,5.684675221667652,10.466279674552323,4/8,0.0,-3.7350170999312837,,6.0,0.0,-24.63613846599733,0.0,0.0,-4.106023077666221,5.1689601671169125,,1,
filter,Regal 4h trend (fleet 20/50/20) + sweep 24,76,0.3157894736842105,277.5716641862054,21.604665625838333,-4.633467516036817,2.1520349717550658,15.601007342320317,3/8,0.0,-6.148953290904376,,9.0,0.0,-36.21891598577075,0.0,0.0,-4.024323998418972,7.44489500928003,,1,
filter,Regal 4h trend (fleet 20/50/20) + room 1,99,0.30303030303030304,205.80867957941797,16.69625636434396,-4.276507410882619,1.6974697340797154,21.603215387444678,3/8,0.01,5.774522065339966,,7.0,0.0,-30.237171152155963,0.0,0.0,-4.319595878879423,6.251139937790473,,1,
filter,Regal 4h trend (fleet 20/50/20) + room 2,83,0.30120481927710846,201.43561683891215,18.46792493482306,-4.487284595373523,1.773970940045507,21.777396975715856,4/8,0.02,0.33845362280488334,,6.0,0.0,-24.02441573064656,0.0,0.0,-4.0040692884410936,5.011282923048962,,1,
filter,Regal 4h trend (fleet 20/50/20) + room 3,67,0.3283582089552239,167.04695782186698,17.492162292193896,-4.8395691690310825,1.7670423727008975,19.730517760348302,2/8,0.023333333333333334,1.8639261988987734,,6.0,0.0,-24.02441573064656,0.0,0.0,-4.0040692884410936,5.011282923048962,,1,
filter-WF,Regal 4h trend (fleet 20/50/20) + WF-selected filter,61,0.29508196721311475,170.93849458525315,17.79295278579427,-3.472898966489388,2.14466728399603,10.243563736554252,3/8,,,,,,,,,,,,0,"None; ('sweep', 12); ('room', 3); ('sweep', 24); ('sweep', 24); ('sweep', 12); ('sweep', 12); ('sweep', 12)"
filter,Halo 1h mean-rev (fleet BB20/2.2) + none (baseline),20,0.15,-54.75417853578769,4.867646405722348,-4.07983045605616,0.21054708860857957,11.1117772996096,1/8,0.99,-11.729684041040752,,1.0,1.0,0.677564538941979,inf,0.677564538941979,0.0,0.48043544192781784,,1,
filter,Halo 1h mean-rev (fleet BB20/2.2) + sweep 6,13,0.15384615384615385,-32.349291848969656,7.734135979124739,-4.347051255201739,0.3234851532924435,6.6388985854519795,2/8,0.94,-8.057616463833753,,0.0,,0.0,,,,0.0,,1,
filter,Halo 1h mean-rev (fleet BB20/2.2) + sweep 12,14,0.21428571428571427,-27.416502036071208,6.848806448373854,-4.360265580108434,0.42838131526279855,5.840760912813861,2/8,0.85,-8.323847281041491,,0.0,,0.0,,,,0.0,,1,
filter,Halo 1h mean-rev (fleet BB20/2.2) + sweep 24,15,0.2,-31.993641734557016,6.802238830069989,-4.366696518730582,0.38943849205528425,6.7527267200458,1/8,0.8933333333333333,-9.068592643721573,,1.0,1.0,0.677564538941979,inf,0.677564538941979,0.0,0.48043544192781784,,1,
filter,Halo 1h mean-rev (fleet BB20/2.2) + room 1,20,0.15,-54.75417853578769,4.867646405722348,-4.07983045605616,0.21054708860857957,11.1117772996096,1/8,0.98,-9.688354321331861,,1.0,1.0,0.677564538941979,inf,0.677564538941979,0.0,0.48043544192781784,,1,
filter,Halo 1h mean-rev (fleet BB20/2.2) + room 2,20,0.15,-54.75417853578769,4.867646405722348,-4.07983045605616,0.21054708860857957,11.1117772996096,1/8,0.98,-12.488593893866978,,1.0,1.0,0.677564538941979,inf,0.677564538941979,0.0,0.48043544192781784,,1,
filter,Halo 1h mean-rev (fleet BB20/2.2) + room 3,17,0.11764705882352941,-51.07863362011358,4.887673141317844,-4.056931993516618,0.1606361046271364,10.377996904017515,1/8,0.9833333333333333,-11.353456114585414,,1.0,1.0,0.677564538941979,inf,0.677564538941979,0.0,0.48043544192781784,,1,
filter-WF,Halo 1h mean-rev (fleet BB20/2.2) + WF-selected filter,17,0.17647058823529413,-42.04824944510289,7.161928177447396,-4.53814528410322,0.33817755913263364,3.8305675585013828,1/8,,,,,,,,,,,,0,"('sweep', 24); ('sweep', 24); ('room', 3); ('sweep', 12); ('sweep', 12); ('sweep', 12); ('sweep', 24); ('sweep', 24)"
