pf,trades,net,gross,fees,win_rate,avg_r,max_dd_pct,pos_folds,folds,halts,tf,mode,picked,tf_label
0.5563600065356802,19.0,-25.12113293783847,-11.609596637098294,6.5569280934524325,0.3684210526315789,-0.2598909333710639,4.286551416066717,0.0,3.0,0.0,60.0,META-WF,bbmr; orb; orb,1m
0.8091191755666274,6.0,-4.65662149845188,0.1148337063751281,2.190362356378565,0.1666666666666666,-0.1388252082481005,4.286551416066717,0.0,3.0,0.0,60.0,META-WF-sitout,bbmr; orb; orb,1m
0.8152384827941872,182.0,-77.76808422605588,71.0937816579129,73.40865560269667,0.23076923076923073,-0.07418624009921149,20.88353519914897,1.0,3.0,8.0,300.0,META-WF,tsmom; tsmom; keltner,5m
0.8152384827941872,182.0,-77.76808422605588,71.0937816579129,73.40865560269667,0.23076923076923073,-0.07418624009921149,20.88353519914897,1.0,3.0,8.0,300.0,META-WF-sitout,tsmom; tsmom; keltner,5m
0.7482838543537382,169.0,-125.41151804778458,-12.247435768895564,54.35055371922895,0.30177514792899407,-0.14531706771202677,21.29072629128763,1.0,5.0,7.0,900.0,META-WF,bbmr; tsmom; tsmom; tsmom; turtle,15m
0.7482838543537382,169.0,-125.41151804778458,-12.247435768895564,54.35055371922895,0.30177514792899407,-0.14531706771202677,21.29072629128763,1.0,5.0,7.0,900.0,META-WF-sitout,bbmr; tsmom; tsmom; tsmom; turtle,15m
1.7614914497631728,169.0,333.4400276864045,429.842657352923,45.72842577955944,0.31952662721893493,0.3651501818809939,17.954970536766876,2.0,5.0,4.0,1800.0,META-WF,turtle; turtle; keltner; tsmom; tsmom,30m
1.7614914497631728,169.0,333.4400276864045,429.842657352923,45.72842577955944,0.31952662721893493,0.3651501818809939,17.954970536766876,2.0,5.0,4.0,1800.0,META-WF-sitout,turtle; turtle; keltner; tsmom; tsmom,30m
1.0186857159759115,373.0,17.74271687768335,176.3672066795146,78.23999863513217,0.32975871313672916,0.033481187735072686,24.227587330130664,3.0,8.0,11.0,3600.0,META-WF,macross; tsmom; turtle; tsmom; turtle; tsmom; bbmr; keltner,1h
1.0186857159759115,373.0,17.74271687768335,176.3672066795146,78.23999863513217,0.32975871313672916,0.033481187735072686,24.227587330130664,3.0,8.0,11.0,3600.0,META-WF-sitout,macross; tsmom; turtle; tsmom; turtle; tsmom; bbmr; keltner,1h
0.6810287937389261,108.0,-81.52367531095123,-53.096067102653905,14.054346115176173,0.32407407407407407,-0.17104365350703465,7.623863364323391,3.0,8.0,0.0,14400.0,META-WF,keltner; skewproxy; trend; trend; trend; bbmr; bbmr; trend,4h
0.6810287937389261,108.0,-81.52367531095123,-53.096067102653905,14.054346115176173,0.32407407407407407,-0.17104365350703465,7.623863364323391,3.0,8.0,0.0,14400.0,META-WF-sitout,keltner; skewproxy; trend; trend; trend; bbmr; bbmr; trend,4h
