pf,trades,net,gross,fees,win_rate,avg_r,max_dd_pct,pos_folds,folds,halts,tf,family,mode,is_net_sum,cfgs_selected,sharpe,pre_net,pre_trades,pre_pf,cfg,tf_label
0.5345252314352389,47.0,-39.75332306392973,4.412392846926908,22.14285352126806,0.48936170212765956,-0.16917124430696945,4.147657835309379,0.0,3.0,0.0,60.0,bbmr,WF,-50.24735118942325,3.0,,,,,,1m
,0.0,0.0,0.0,0.0,,,0.0,0.0,3.0,0.0,60.0,bbmr,WF-sitout,-50.24735118942325,3.0,,,,,,1m
0.4842586186251864,26.0,-25.67012979334709,-1.7146097135679406,11.976193503300646,0.3846153846153846,-0.1997348770393767,7.711610960649604,,,0.0,60.0,bbmr,HOLDOUT(best-PRE),,,-13.624405930575035,-36.12918699789581,52.0,0.5213477239840508,"{""k"": 2.5, ""maxAdx"": 20, ""n"": 20, ""rsiLo"": 28, ""stopAtr"": 1.5, ""timeBars"": 48}",1m
0.2852292396851051,108.0,-96.41452474889499,3.0472649951654747,49.66115682335105,0.21296296296296294,-0.18338944644013733,8.669280843316205,0.0,3.0,0.0,60.0,keltner,WF,-100.50895170946987,3.0,,,,,,1m
,0.0,0.0,0.0,0.0,,,0.0,0.0,3.0,0.0,60.0,keltner,WF-sitout,-100.50895170946987,3.0,,,,,,1m
0.0039056373649226,25.0,-50.50931097201036,-27.88324199075774,11.310953171385751,0.04,-0.4245606880492911,10.101862194402088,,,1.0,60.0,keltner,HOLDOUT(best-PRE),,,-18.520312812906603,-57.66975320722512,136.0,0.632999799158904,"{""adx_min"": 0, ""m"": 3, ""n"": 20, ""stopAtr"": 2, ""tpR"": 3, ""trailAtr"": 0}",1m
0.1519414155068511,108.0,-102.93640432030689,-3.6580157602056524,49.63451157194701,0.13888888888888887,-0.19717176577537773,8.107673727060897,0.0,3.0,0.0,60.0,macd,WF,-145.42630604705695,3.0,,,,,,1m
,0.0,0.0,0.0,0.0,,,0.0,0.0,3.0,0.0,60.0,macd,WF-sitout,-145.42630604705695,3.0,,,,,,1m
0.2983286942272452,51.0,-47.2307290678264,-0.6733291682660971,23.273869388733843,0.196078431372549,-0.1937428746349078,10.073332927671174,,,1.0,60.0,macd,HOLDOUT(best-PRE),,,-23.467647241578447,-87.74060106845465,138.0,0.3790323694446744,"{""stopAtr"": 2, ""tpR"": 0, ""trail"": ""none"", ""trendN"": 50}",1m
0.1663871906099283,85.0,-112.53267656267778,-36.239771264862135,38.091610916005166,0.15294117647058816,-0.2760940172139152,10.256478746724069,0.0,3.0,1.0,60.0,macross,WF,-96.3386279993569,3.0,,,,,,1m
,0.0,0.0,0.0,0.0,,,0.0,0.0,3.0,0.0,60.0,macross,WF-sitout,-96.3386279993569,3.0,,,,,,1m
0.3315985088399647,26.0,-43.16772065982061,-21.57517279532095,10.760017315579711,0.3076923076923077,-0.3436951173419523,10.111163924764046,,,1.0,60.0,macross,HOLDOUT(best-PRE),,,-11.293663608648142,-37.40893089208707,65.0,0.7182480685082671,"{""fast"": 50, ""long_only"": 1, ""slow"": 200, ""stopAtr"": 5, ""trail"": ""none""}",1m
0.8102244117219564,18.0,-8.879624427898325,0.6458430267677695,4.47095713048208,0.3888888888888889,-0.091744482835593,4.286551416066717,1.0,3.0,0.0,60.0,orb,WF,-4.7340391985176495,2.0,,,,,,1m
0.8091191755666274,6.0,-4.65662149845188,0.1148337063751281,2.190362356378565,0.1666666666666666,-0.1388252082481005,4.286551416066717,0.0,3.0,0.0,60.0,orb,WF-sitout,-4.7340391985176495,2.0,,,,,,1m
0.5814389573465485,10.0,-9.144433654930118,-5.802489502961545,1.579601448881636,0.4,-0.1812574221006542,3.931089232848728,,,0.0,60.0,orb,HOLDOUT(best-PRE),,,-12.875896043892569,-19.84823947563114,30.0,0.6927205244273634,"{""rangeH"": 8, ""stopMode"": ""range"", ""tpR"": 2}",1m
0.023356108180678566,108.0,-101.06029664337512,-3.6601658421806675,48.705664842123745,0.09259259259259256,-0.19351203656816449,8.512330123955996,0.0,3.0,0.0,60.0,rsi2,WF,-146.3759780439731,2.0,,,,,,1m
,0.0,0.0,0.0,0.0,,,0.0,0.0,3.0,0.0,60.0,rsi2,WF-sitout,-146.3759780439731,2.0,,,,,,1m
0.0013089386620192,39.0,-50.62854252636623,-15.320554772356957,17.648553344779245,0.0256410256410256,-0.2726392200415159,10.125708505273256,,,1.0,60.0,rsi2,HOLDOUT(best-PRE),,,-27.135070181963677,-95.29560165229056,114.0,0.0080636110800184,"{""lo"": 10, ""stopAtr"": 2, ""timeBars"": 20, ""trendN"": 200}",1m
0.3289541364680625,108.0,-21.480628310769553,3.2860570544546395,12.380850592641629,0.26851851851851855,-0.05331751295819747,2.0082483713734858,0.0,3.0,0.0,60.0,skewproxy,WF,-32.47286063637149,3.0,,,,,,1m
,0.0,0.0,0.0,0.0,,,0.0,0.0,3.0,0.0,60.0,skewproxy,WF-sitout,-32.47286063637149,3.0,,,,,,1m
0.0441827367463732,60.0,-17.32687799218325,-3.735570410083828,6.796234091875846,0.1,-0.0783265403522193,3.46537559843664,,,0.0,60.0,skewproxy,HOLDOUT(best-PRE),,,-66.04839911194463,-37.47375323910609,180.0,0.0866873185950069,"{""N"": 4, ""dir"": 1, ""exitRate"": 2e-05, ""maxHoldBars"": 8, ""maxRet"": 1.2, ""minRate"": 0.0001, ""minSkew"": 10000, ""stopPct"": 3, ""tpPct"": 1}",1m
0.4986039382721274,98.0,-76.96487229636392,10.071664304335101,43.57733798262983,0.3163265306122449,-0.1601765708413107,9.666146520635897,0.0,3.0,0.0,60.0,supertrend,WF,-89.24385792001789,3.0,,,,,,1m
,0.0,0.0,0.0,0.0,,,0.0,0.0,3.0,0.0,60.0,supertrend,WF-sitout,-89.24385792001789,3.0,,,,,,1m
0.1765609565728449,37.0,-47.29407542975729,-13.74048244799614,16.774850198141415,0.1621621621621621,-0.2676284250259487,10.071970203462644,,,1.0,60.0,supertrend,HOLDOUT(best-PRE),,,-25.33405015018897,-43.30210729637852,139.0,0.6983756461237353,"{""adx_min"": 0, ""m"": 2, ""n"": 10}",1m
0.4428842433536868,108.0,-73.35645691756163,26.987861889428817,50.154573730786964,0.23148148148148148,-0.1384411472536001,7.673700146997247,0.0,3.0,0.0,60.0,trend,WF,-100.31194102834995,3.0,,,,,,1m
,0.0,0.0,0.0,0.0,,,0.0,0.0,3.0,0.0,60.0,trend,WF-sitout,-100.31194102834995,3.0,,,,,,1m
0.5217856030973588,26.0,-29.801320530011104,-5.411365539054528,12.177427574059513,0.1923076923076923,-0.2289194211086668,10.158683343463943,,,1.0,60.0,trend,HOLDOUT(best-PRE),,,-14.083239868790852,-49.48543059697946,95.0,0.6177478186460118,"{""adx_min"": 25, ""breakout"": 55, ""fast"": 50, ""slow"": 200, ""stopAtr"": 2, ""tpR"": 3, ""trailAtr"": 0}",1m
1.0549883216956828,58.0,8.37244196849137,61.584192646072694,26.435055662232486,0.20689655172413793,0.052180123740747236,10.126877834109283,1.0,3.0,3.0,60.0,tsmom,WF,-73.62588128937038,3.0,,,,,,1m
,0.0,0.0,0.0,0.0,,,0.0,0.0,3.0,0.0,60.0,tsmom,WF-sitout,-73.62588128937038,3.0,,,,,,1m
0.5540565580560958,20.0,-17.412346043508457,1.683560236234657,9.471698321454229,0.15,-0.1712071724402512,10.109492285476442,,,1.0,60.0,tsmom,HOLDOUT(best-PRE),,,-7.589621285790702,-6.215194295871776,98.0,0.9659600153673816,"{""H"": 12, ""L"": 168, ""stopAtr"": 3, ""trailAtr"": 0}",1m
0.4018274633555779,108.0,-87.58511996626703,11.868630091880695,49.766357728950126,0.2222222222222222,-0.16516419939423593,8.127005225691814,0.0,3.0,0.0,60.0,turtle,WF,-125.08110346248228,2.0,,,,,,1m
,0.0,0.0,0.0,0.0,,,0.0,0.0,3.0,0.0,60.0,turtle,WF-sitout,-125.08110346248228,2.0,,,,,,1m
0.1991436818789275,37.0,-50.094049121704096,-16.934688237416605,16.58195175909306,0.1351351351351351,-0.2836063345516363,10.018809824340828,,,1.0,60.0,turtle,HOLDOUT(best-PRE),,,-16.064920067710403,-56.44246859484808,138.0,0.621798047859672,"{""n_in"": 55, ""n_out"": 20, ""stopN"": 2, ""trail"": ""chandelier""}",1m
0.5169573715190958,111.0,-118.75722077568531,-30.19411272363139,44.271257840941985,0.4774774774774775,-0.21931821090486384,12.043636827464717,0.0,3.0,1.0,300.0,bbmr,WF,53.69796495429252,3.0,,,,,,5m
0.5388248626041596,95.0,-89.69886194187146,-14.327607669315505,37.690943037741974,0.5052631578947369,-0.1942133643470407,12.043636827464717,0.0,3.0,1.0,300.0,bbmr,WF-sitout,53.69796495429252,3.0,,,,,,5m
0.4666644308503151,19.0,-25.00828518477284,-10.890188460546993,7.071570384830037,0.3157894736842105,-0.2666431194152489,6.142269810566723,,,0.0,300.0,bbmr,HOLDOUT(best-PRE),,,-4.467470047264852,-13.204437558477384,71.0,0.9007867959303756,"{""k"": 2.5, ""maxAdx"": 20, ""n"": 20, ""rsiLo"": 28, ""stopAtr"": 3, ""timeBars"": 48}",5m
1.0191001418510603,218.0,8.597006659001963,190.46860610102524,90.36078825710243,0.2660550458715596,0.022112585665762057,21.884412165413227,2.0,3.0,7.0,300.0,keltner,WF,216.5141210627723,3.0,,,,,,5m
0.8072204530585377,155.0,-59.92278768926465,76.15038644257818,67.43828909311857,0.25806451612903214,-0.07055837987339154,21.884412165413227,1.0,3.0,5.0,300.0,keltner,WF-sitout,216.5141210627723,3.0,,,,,,5m
0.3466717407591387,107.0,-138.61930409587214,-66.34099417733762,35.85555782467532,0.2990654205607476,-0.2979721750623225,32.17862772671254,,,3.0,300.0,keltner,HOLDOUT(best-PRE),,,-7.146248920471831,-31.54614554548638,382.0,0.953928630695118,"{""adx_min"": 25, ""m"": 1.5, ""n"": 50, ""stopAtr"": 3, ""tpR"": 0, ""trailAtr"": 0}",5m
0.4872354843410975,366.0,-206.3724501028569,29.349605037706773,117.64764899877127,0.25409836065573765,-0.12039668416372043,19.22760057175564,0.0,3.0,4.0,300.0,macd,WF,-338.7353624508699,3.0,,,,,,5m
,0.0,0.0,0.0,0.0,,,0.0,0.0,3.0,0.0,300.0,macd,WF-sitout,-338.7353624508699,3.0,,,,,,5m
0.2552437026505109,152.0,-111.7736524854294,-29.27766664498689,41.172978060726905,0.1842105263157894,-0.1658456147300036,22.35473049708596,,,2.0,300.0,macd,HOLDOUT(best-PRE),,,-15.402549368371623,-244.0640921896677,555.0,0.428246865361941,"{""stopAtr"": 5, ""tpR"": 0, ""trail"": ""chandelier"", ""trendN"": 50}",5m
0.6756039384244277,108.0,-100.17058578613198,-42.71966876481474,28.450258878447773,0.24999999999999997,-0.18279151966761606,16.020453207111075,1.0,3.0,3.0,300.0,macross,WF,21.581393759313887,2.0,,,,,,5m
0.7895531578744237,66.0,-39.10567920606727,-4.6214524208876995,17.122362199656234,0.2727272727272727,-0.10561147659465729,15.002337839933034,1.0,3.0,2.0,300.0,macross,WF-sitout,21.581393759313887,2.0,,,,,,5m
0.1895933015134334,36.0,-34.897917075688206,-16.21977810413655,9.301440852950137,0.1388888888888889,-0.2004482281671496,6.979583415137665,,,0.0,300.0,macross,HOLDOUT(best-PRE),,,-13.320573493902597,-34.953726233388906,125.0,0.7369090086212863,"{""fast"": 50, ""long_only"": 1, ""slow"": 200, ""stopAtr"": 5, ""trail"": ""chandelier""}",5m
0.8326125928154854,66.0,-17.835019265068635,7.61144741787793,12.246511729929871,0.3333333333333333,-0.05294503739068907,7.052990232692548,1.0,3.0,0.0,300.0,orb,WF,27.74281952929804,2.0,,,,,,5m
0.6046570341723441,42.0,-29.597606525497614,-16.135246936698096,6.51877266483313,0.3333333333333333,-0.14121306640064923,7.052990232692548,0.0,3.0,0.0,300.0,orb,WF-sitout,27.74281952929804,2.0,,,,,,5m
0.6768125890988202,41.0,-27.96010706012008,-13.58744530150911,6.9659120649647415,0.4146341463414634,-0.1367517020404899,8.063432853145247,,,0.0,300.0,orb,HOLDOUT(best-PRE),,,-3.77604937575364,-1.2801286226049269,121.0,0.9936198819001808,"{""rangeH"": 8, ""stopMode"": ""range"", ""tpR"": 0}",5m
0.2540162159789841,374.0,-160.20392058272733,47.91867521573137,103.96101254906216,0.3449197860962567,-0.0908392682798414,15.359408647752614,0.0,3.0,2.0,300.0,rsi2,WF,-266.2061821178613,3.0,,,,,,5m
,0.0,0.0,0.0,0.0,,,0.0,0.0,3.0,0.0,300.0,rsi2,WF-sitout,-266.2061821178613,3.0,,,,,,5m
0.1861225897405814,154.0,-81.94564109319111,-4.961663455455945,38.464289897780965,0.2987012987012987,-0.1157996478815151,16.584646524749484,,,1.0,300.0,rsi2,HOLDOUT(best-PRE),,,-14.815520116990813,-211.63845893467075,553.0,0.2062605814724706,"{""lo"": 5, ""stopAtr"": 5, ""timeBars"": 10, ""trendN"": 100}",5m
0.5059491043295621,476.0,-88.59802995982062,17.560344694230174,53.06890971162257,0.3382352941176471,-0.0508844118336243,7.849909234108583,0.0,3.0,0.0,300.0,skewproxy,WF,-108.41604590523218,3.0,,,,,,5m
,0.0,0.0,0.0,0.0,,,0.0,0.0,3.0,0.0,300.0,skewproxy,WF-sitout,-108.41604590523218,3.0,,,,,,5m
0.4595415887239587,132.0,-47.73457662290197,-18.31860767360898,14.6124307438827,0.3181818181818182,-0.1006595509635109,10.363308163753125,,,1.0,300.0,skewproxy,HOLDOUT(best-PRE),,,-8.731954060481998,-97.97230924922091,552.0,0.644705178314069,"{""N"": 20, ""dir"": 1, ""exitRate"": 2e-05, ""maxHoldBars"": 30, ""maxRet"": 1.2, ""minRate"": 0.0001, ""minSkew"": 10000, ""stopPct"": 3, ""tpPct"": 2}",5m
0.5422547754951916,101.0,-91.21964722059138,-30.104586825552044,30.508618450242135,0.2871287128712871,-0.18679241636447094,13.183858845476172,1.0,3.0,1.0,300.0,supertrend,WF,-188.17724962172647,2.0,,,,,,5m
,0.0,0.0,0.0,0.0,,,0.0,0.0,3.0,0.0,300.0,supertrend,WF-sitout,-188.17724962172647,2.0,,,,,,5m
0.6274710432000835,47.0,-33.46555596060226,-5.489211627202947,13.869139271551669,0.2978723404255319,-0.1434763181263795,9.873012230457912,,,0.0,300.0,supertrend,HOLDOUT(best-PRE),,,-3.427530381105072,-141.5237796735205,161.0,0.5169440056044983,"{""adx_min"": 25, ""m"": 4, ""n"": 20}",5m
0.8455029197099186,273.0,-77.86259925974534,138.64443454510686,107.4187390966606,0.24908424908424898,-0.056095416248213,19.37308033275737,1.0,3.0,6.0,300.0,trend,WF,133.9463908650083,3.0,,,,,,5m
0.5416991657704829,193.0,-145.87807172137073,19.306057407805945,81.85935277377777,0.23316062176165797,-0.15889843029850514,19.37308033275737,0.0,3.0,4.0,300.0,trend,WF-sitout,133.9463908650083,3.0,,,,,,5m
0.4038768761467474,81.0,-118.96530369148168,-55.323368297685256,31.732828574917544,0.1851851851851851,-0.3243364376054617,24.266198616809746,,,3.0,300.0,trend,HOLDOUT(best-PRE),,,-5.005082792958664,18.88133607444208,311.0,1.0293123477401775,"{""adx_min"": 25, ""breakout"": 10, ""fast"": 50, ""slow"": 200, ""stopAtr"": 2, ""tpR"": 0, ""trailAtr"": 0}",5m
0.697150116022777,194.0,-141.50022914921442,20.746013372741174,79.74317560699569,0.2422680412371134,-0.13820794087063065,26.208203124576247,0.0,3.0,8.0,300.0,tsmom,WF,256.8175512379041,3.0,,,,,,5m
0.697150116022777,194.0,-141.50022914921442,20.746013372741174,79.74317560699569,0.2422680412371134,-0.13820794087063065,26.208203124576247,0.0,3.0,8.0,300.0,tsmom,WF-sitout,256.8175512379041,3.0,,,,,,5m
1.1640132697995187,42.0,19.50258372575953,55.253943831396114,16.091884371475018,0.3333333333333333,0.1176757419787154,13.056849357903092,,,3.0,300.0,tsmom,HOLDOUT(best-PRE),,,0.2547308081893206,-52.72349783250431,139.0,0.8883802603984597,"{""H"": 48, ""L"": 500, ""stopAtr"": 3, ""trailAtr"": 0}",5m
0.8639317192737246,210.0,-69.09824621297598,108.87172478340982,88.70001678027177,0.2857142857142857,-0.0728674019931322,23.68230059721673,1.0,3.0,7.0,300.0,turtle,WF,-16.212446528529938,2.0,,,,,,5m
0.3782336295417984,119.0,-175.83240873330783,-70.93046808413544,52.24073496998713,0.226890756302521,-0.31802927705514744,23.68230059721673,0.0,3.0,5.0,300.0,turtle,WF-sitout,-16.212446528529938,2.0,,,,,,5m
0.2619515075619354,56.0,-129.28676211341104,-86.84231610114907,21.197013284967884,0.1785714285714285,-0.5259634081019978,26.93074800935121,,,4.0,300.0,turtle,HOLDOUT(best-PRE),,,-7.923355092071233,-55.15984352497469,197.0,0.8931894047789959,"{""n_in"": 100, ""n_out"": 50, ""stopN"": 2, ""trail"": ""none""}",5m
0.6836356595999081,34.0,-23.484991547054392,-0.5245501844073406,11.549949649481006,0.5,-0.13620564572865812,4.003857942976451,1.0,5.0,0.0,900.0,bbmr,WF,34.27914197872592,3.0,,,,,,15m
0.6330519530099199,22.0,-16.523041499809594,-0.5538941853488222,8.002443600183755,0.5,-0.14914224666637865,3.918240567526402,1.0,5.0,0.0,900.0,bbmr,WF-sitout,34.27914197872592,3.0,,,,,,15m
inf,4.0,6.7415044954421095,9.282226915780615,1.265311238019041,1.0,0.3353992546245551,0.6100671237576799,,,0.0,900.0,bbmr,HOLDOUT(best-PRE),,,5.8552885093633416,0.6431854229730218,48.0,1.0084214238727345,"{""k"": 2.5, ""maxAdx"": 20, ""n"": 20, ""rsiLo"": 28, ""stopAtr"": 3, ""timeBars"": 12}",15m
0.5817369466266246,302.0,-335.88344040663276,-129.58139004332202,101.64712044972978,0.22847682119205298,-0.2224931044761748,24.218587040861227,0.0,5.0,12.0,900.0,keltner,WF,-18.761816467814427,5.0,,,,,,15m
0.5563720507587274,131.0,-151.886483057472,-51.49279693169584,49.55292244595825,0.1984732824427481,-0.24138332983497707,24.218587040861227,0.0,5.0,4.0,900.0,keltner,WF-sitout,-18.761816467814427,5.0,,,,,,15m
0.1453075251250362,29.0,-58.933948400974586,-45.83480370591214,6.440368900937122,0.2413793103448276,-0.4291181823794741,12.728357026793502,,,1.0,900.0,keltner,HOLDOUT(best-PRE),,,-8.680862932111651,-80.24691706010901,374.0,0.8805025093253083,"{""adx_min"": 25, ""m"": 3, ""n"": 20, ""stopAtr"": 3, ""tpR"": 3, ""trailAtr"": 0}",15m
0.5375488827015921,656.0,-273.44807132078705,-18.959957798226853,126.53311649669044,0.23323170731707318,-0.0882029328774307,19.072946535630347,0.0,5.0,5.0,900.0,macd,WF,-552.9883903039259,3.0,,,,,,15m
,0.0,0.0,0.0,0.0,,,0.0,0.0,5.0,0.0,900.0,macd,WF-sitout,-552.9883903039259,3.0,,,,,,15m
0.3178613548167426,123.0,-70.40526085430024,-28.048758321753024,21.007973785666444,0.1788617886178861,-0.1228813234014476,14.6934502546678,,,1.0,900.0,macd,HOLDOUT(best-PRE),,,-11.28187070534395,-283.1643852596426,992.0,0.5422286066321096,"{""stopAtr"": 5, ""tpR"": 0, ""trail"": ""chandelier"", ""trendN"": 200}",15m
1.0636830071544783,97.0,15.072817778452851,62.52668433196581,22.573970519251283,0.28865979381443296,0.019124485738044508,13.954161727965896,1.0,5.0,1.0,900.0,macross,WF,111.17080125811579,3.0,,,,,,15m
0.6332705004781938,72.0,-73.92956998458311,-35.82437273885482,18.212674291012153,0.27777777777777773,-0.2094128018152424,13.954161727965896,0.0,5.0,1.0,900.0,macross,WF-sitout,111.17080125811579,3.0,,,,,,15m
0.7929308086123605,15.0,-6.230903431597791,-0.5224451626652762,2.5384367080788857,0.4,-0.0800500384097035,5.342792976268953,,,0.0,900.0,macross,HOLDOUT(best-PRE),,,-1.1962687877805924,10.18199793946048,85.0,1.051608700492144,"{""fast"": 50, ""long_only"": 1, ""slow"": 200, ""stopAtr"": 5, ""trail"": ""none""}",15m
0.8075528844958432,197.0,-91.4930923858581,26.254507498342367,57.54365445415017,0.37055837563451777,-0.0898862472947453,10.46904766897095,0.0,5.0,1.0,900.0,orb,WF,-10.909031223513281,4.0,,,,,,15m
0.8313105781224632,159.0,-62.724763968431034,33.44076408637769,47.006098555419854,0.37735849056603776,-0.07544186329713726,8.485308753085448,0.0,5.0,0.0,900.0,orb,WF-sitout,-10.909031223513281,4.0,,,,,,15m
0.5670088656988069,37.0,-34.086064218277954,-21.451757185930347,6.1644463023888925,0.2972972972972973,-0.1874129311393426,9.243265812939626,,,0.0,900.0,orb,HOLDOUT(best-PRE),,,-5.164488291896884,-94.295033660215,284.0,0.78291308697767,"{""rangeH"": 8, ""stopMode"": ""range"", ""tpR"": 0}",15m
0.5350603017834616,490.0,-104.88006540743132,90.19846420909627,97.28234155940667,0.4816326530612245,-0.043725787847645727,8.657052761866318,0.0,5.0,0.0,900.0,rsi2,WF,-279.6262995488784,3.0,,,,,,15m
,0.0,0.0,0.0,0.0,,,0.0,0.0,5.0,0.0,900.0,rsi2,WF-sitout,-279.6262995488784,3.0,,,,,,15m
0.5084929816133895,94.0,-24.869588809951168,6.186815895939932,15.529581303185635,0.574468085106383,-0.0537104334512886,5.618853291150967,,,0.0,900.0,rsi2,HOLDOUT(best-PRE),,,-5.118663497015803,-148.78603473909172,740.0,0.5259341092831675,"{""lo"": 5, ""stopAtr"": 5, ""timeBars"": 10, ""trendN"": 100}",15m
1.1016113253958222,350.0,27.179186812382778,110.34004073858583,41.09830668798474,0.41714285714285715,0.02073986797046999,5.898475859948219,2.0,5.0,0.0,900.0,skewproxy,WF,12.693458036249794,2.0,,,,,,15m
1.1426528786453631,189.0,21.73916721850968,67.08141983574228,22.365195758431526,0.4021164021164021,0.02953507238236667,5.029409903578981,1.0,5.0,0.0,900.0,skewproxy,WF-sitout,12.693458036249794,2.0,,,,,,15m
0.4918993590220927,41.0,-18.833626665012893,-9.451929773196614,4.63304065668494,0.2682926829268293,-0.1234567830221026,4.13307098198109,,,0.0,900.0,skewproxy,HOLDOUT(best-PRE),,,-3.916893968202683,19.72141974488638,531.0,1.0454537027174815,"{""N"": 20, ""dir"": 1, ""exitRate"": 2e-05, ""maxHoldBars"": 30, ""maxRet"": 1.2, ""minRate"": 0.0001, ""minSkew"": 10000, ""stopPct"": 3, ""tpPct"": 4}",15m
0.5364815365746904,137.0,-134.2356257546576,-75.60383123298108,28.810335098837175,0.25547445255474455,-0.20786362422137417,18.525386215327448,1.0,5.0,2.0,900.0,supertrend,WF,-116.9335833906193,2.0,,,,,,15m
0.35264572361176577,54.0,-86.75899947379236,-60.64584595707168,12.779294410799857,0.2222222222222222,-0.34980505408688906,18.525386215327448,0.0,5.0,2.0,900.0,supertrend,WF-sitout,-116.9335833906193,2.0,,,,,,15m
0.2855681271238884,10.0,-16.307830336911593,-12.146437219800736,2.0311160070393,0.1,-0.3290782090865917,5.885763190001813,,,0.0,900.0,supertrend,HOLDOUT(best-PRE),,,-7.3634079461889455,-100.2192181683205,153.0,0.6538306747263034,"{""adx_min"": 25, ""m"": 4, ""n"": 20}",15m
0.6380606525228842,335.0,-276.914792833145,-70.5672276508607,101.09435891514124,0.25970149253731345,-0.18596582737665407,32.05898653892045,2.0,5.0,9.0,900.0,trend,WF,65.4076965611858,5.0,,,,,,15m
0.19337971766160575,114.0,-225.97373832123753,-142.14206280147317,40.893435041987026,0.17543859649122806,-0.455864406698872,32.05898653892045,0.0,5.0,5.0,900.0,trend,WF-sitout,65.4076965611858,5.0,,,,,,15m
0.7021645487491103,44.0,-23.97685664368894,-5.938897642033404,8.82383068128991,0.3181818181818182,-0.1059834156746805,8.891426380839771,,,0.0,900.0,trend,HOLDOUT(best-PRE),,,-2.0670891439824,-81.44234812836918,370.0,0.87890658629087,"{""adx_min"": 25, ""breakout"": 55, ""fast"": 50, ""slow"": 200, ""stopAtr"": 4, ""tpR"": 3, ""trailAtr"": 0}",15m
0.9965583408909153,211.0,-1.8397904655890827,115.7743055202151,56.56290002133981,0.3459715639810427,0.004055828905798667,16.726773448661913,2.0,5.0,7.0,900.0,tsmom,WF,316.95771905199285,5.0,,,,,,15m
0.8392191647306797,181.0,-77.1346874719828,30.0218712055709,51.46129368129258,0.3259668508287293,-0.07648778267451245,16.726773448661913,1.0,5.0,6.0,900.0,tsmom,WF-sitout,316.95771905199285,5.0,,,,,,15m
0.1275948648318547,38.0,-101.90804306211258,-89.77317187346071,5.77772796379812,0.1842105263157894,-0.5939380753059819,23.27940056555936,,,2.0,900.0,tsmom,HOLDOUT(best-PRE),,,-8.407206186092372,-25.7712301823016,280.0,0.958455730278479,"{""H"": 48, ""L"": 168, ""stopAtr"": 6, ""trailAtr"": 0}",15m
0.6284949139009748,265.0,-249.80554827621083,-81.18609307630638,81.45570059523659,0.26415094339622636,-0.19604827377973402,23.09486946943456,1.0,5.0,11.0,900.0,turtle,WF,150.61922698650338,3.0,,,,,,15m
0.40660143984775915,80.0,-156.21852626761495,-99.1631637699314,27.408784760273996,0.18749999999999994,-0.4102289597533316,21.29072629128763,0.0,5.0,5.0,900.0,turtle,WF-sitout,150.61922698650338,3.0,,,,,,15m
0.6051445133382206,41.0,-52.578787480414725,-31.664593660396303,9.93520706095432,0.2195121951219512,-0.2550084201697765,16.191869729532527,,,2.0,900.0,turtle,HOLDOUT(best-PRE),,,-2.2429386774419213,-46.25845842451388,301.0,0.9409572498587492,"{""n_in"": 100, ""n_out"": 50, ""stopN"": 3, ""trail"": ""none""}",15m
0.6687304499198943,74.0,-60.38529135805375,-25.904875583777336,17.78667961559983,0.3783783783783784,-0.1631248722712582,10.073922337188405,1.0,5.0,1.0,1800.0,bbmr,WF,56.50449982452282,3.0,,,,,,30m
0.5828349704032459,66.0,-72.64436125881097,-43.55035170590679,15.037500284465327,0.3484848484848485,-0.21990039994472318,10.073922337188405,0.0,5.0,1.0,1800.0,bbmr,WF-sitout,56.50449982452282,3.0,,,,,,30m
0.9531221878546384,2.0,-0.039500549228191,0.4804909752242936,0.3212574642643579,0.5,-0.003745558821152,1.0262879767259487,,,0.0,1800.0,bbmr,HOLDOUT(best-PRE),,,-3.020761493398643,-6.522497720016144,43.0,0.8900263976297281,"{""k"": 1.5, ""maxAdx"": 20, ""n"": 20, ""rsiLo"": 28, ""stopAtr"": 3, ""timeBars"": 12}",30m
0.4685509927083723,180.0,-222.66884848333828,-138.02239022084657,40.909674071592775,0.22222222222222218,-0.2666542127912402,24.43815697397731,1.0,5.0,4.0,1800.0,keltner,WF,297.69720275600076,4.0,,,,,,30m
0.4151260021977752,156.0,-220.3126962886364,-144.96218693523855,36.48815231606028,0.19230769230769224,-0.30561551394545244,24.43815697397731,1.0,5.0,4.0,1800.0,keltner,WF-sitout,297.69720275600076,4.0,,,,,,30m
0.3871920578281912,49.0,-60.682828764609525,-41.76976922829267,8.76712017133007,0.3061224489795918,-0.2596625533752826,14.759228386392405,,,2.0,1800.0,keltner,HOLDOUT(best-PRE),,,-3.977528370190624,90.3985529976874,455.0,1.1021754288584549,"{""adx_min"": 0, ""m"": 2, ""n"": 50, ""stopAtr"": 3, ""tpR"": 0, ""trailAtr"": 0}",30m
0.7290461406755294,398.0,-133.65827544207679,26.723524618345017,79.25510254612153,0.2663316582914573,-0.07026165487655622,14.7534602851538,1.0,5.0,2.0,1800.0,macd,WF,-160.4861990216357,4.0,,,,,,30m
,0.0,0.0,0.0,0.0,,,0.0,0.0,5.0,0.0,1800.0,macd,WF-sitout,-160.4861990216357,4.0,,,,,,30m
0.4695682796019527,75.0,-40.72413525749806,-21.81756299165749,9.35270047672206,0.2266666666666666,-0.1123252984798156,8.662780280855747,,,0.0,1800.0,macd,HOLDOUT(best-PRE),,,-6.154477235732575,-112.70902209031136,564.0,0.7593170290878691,"{""stopAtr"": 5, ""tpR"": 0, ""trail"": ""none"", ""trendN"": 200}",30m
1.036993203958773,87.0,7.339678508637114,46.946118296561494,18.520115593683062,0.2528735632183908,0.019961006602725134,9.852424877585523,2.0,5.0,0.0,1800.0,macross,WF,179.03113770268908,5.0,,,,,,30m
1.036993203958773,87.0,7.339678508637114,46.946118296561494,18.520115593683062,0.2528735632183908,0.019961006602725134,9.852424877585523,2.0,5.0,0.0,1800.0,macross,WF-sitout,179.03113770268908,5.0,,,,,,30m
0.7815636296491217,18.0,-6.698414417464771,0.166645246978196,3.09554564933421,0.2777777777777778,-0.0721725391356244,5.829617057215445,,,0.0,1800.0,macross,HOLDOUT(best-PRE),,,-1.041351769503644,118.11749514675375,98.0,1.461420468799865,"{""fast"": 20, ""long_only"": 1, ""slow"": 100, ""stopAtr"": 3, ""trail"": ""none""}",30m
0.9600251595939111,188.0,-14.900821805180957,84.84963731391028,48.967413086234124,0.4095744680851064,-0.012603193389296868,7.8189599967563295,2.0,5.0,0.0,1800.0,orb,WF,-3.9313699425862065,3.0,,,,,,30m
0.9069226357734458,144.0,-24.63869319294935,45.785592767147676,34.458803768961786,0.4027777777777778,-0.03179725673567605,6.245201355857356,1.0,5.0,0.0,1800.0,orb,WF-sitout,-3.9313699425862065,3.0,,,,,,30m
0.5694550453705668,38.0,-29.79527058294333,-17.481952671873803,5.989044401571246,0.3947368421052631,-0.1588693787861513,7.560042190007481,,,0.0,1800.0,orb,HOLDOUT(best-PRE),,,-4.318836561675,-76.20126193574632,279.0,0.8161796044952644,"{""rangeH"": 8, ""stopMode"": ""range"", ""tpR"": 0}",30m
0.6232188216970096,262.0,-40.163843606134506,37.20250908224883,38.62711438828198,0.5114503816793893,-0.030795159801158285,4.348166629365405,1.0,5.0,0.0,1800.0,rsi2,WF,-89.50598678539299,2.0,,,,,,30m
,0.0,0.0,0.0,0.0,,,0.0,0.0,5.0,0.0,1800.0,rsi2,WF-sitout,-89.50598678539299,2.0,,,,,,30m
0.3565008834715929,44.0,-20.45393513611956,-9.521563347048552,5.463076325395338,0.5,-0.0941848408272549,4.880895032625523,,,0.0,1800.0,rsi2,HOLDOUT(best-PRE),,,-5.020290162934417,-84.16889637813154,425.0,0.5588998269282895,"{""lo"": 5, ""stopAtr"": 5, ""timeBars"": 20, ""trendN"": 100}",30m
0.6975453021054866,342.0,-123.49806843908038,-4.1245052712713735,59.52139076142552,0.4473684210526316,-0.09794721293934734,17.14419388974954,0.0,5.0,2.0,1800.0,skewproxy,WF,18.52086726954938,4.0,,,,,,30m
0.6950692232433956,313.0,-119.41385138258646,-6.337363184342743,56.2057975075792,0.4440894568690096,-0.10362511049455117,17.14419388974954,0.0,5.0,2.0,1800.0,skewproxy,WF-sitout,18.52086726954938,4.0,,,,,,30m
0.5639411954321932,14.0,-6.80706953276422,-3.6667077296694126,1.6041936589038948,0.6428571428571429,-0.1283545170249352,3.0371292213387524,,,0.0,1800.0,skewproxy,HOLDOUT(best-PRE),,,-2.0796675142877845,-41.93632509875265,355.0,0.830991986003387,"{""N"": 20, ""dir"": -1, ""exitRate"": 2e-05, ""maxHoldBars"": 30, ""maxRet"": 1.2, ""minRate"": 0.0001, ""minSkew"": 10000, ""stopPct"": 3, ""tpPct"": 1}",30m
0.933593187487896,81.0,-9.907980508283234,19.56553480576907,14.12159036257923,0.30864197530864196,-0.023147384024512684,6.654342624758461,2.0,5.0,0.0,1800.0,supertrend,WF,225.95842271685436,4.0,,,,,,30m
0.933593187487896,81.0,-9.907980508283234,19.56553480576907,14.12159036257923,0.30864197530864196,-0.023147384024512684,6.654342624758461,2.0,5.0,0.0,1800.0,supertrend,WF-sitout,225.95842271685436,4.0,,,,,,30m
0.8425049683444925,13.0,-3.509974483511874,0.1260461528202463,1.810008683001596,0.3076923076923077,-0.0506552691399328,3.811858301058556,,,0.0,1800.0,supertrend,HOLDOUT(best-PRE),,,-0.7006053750712711,83.09126450071058,117.0,1.379361304049156,"{""adx_min"": 25, ""m"": 3, ""n"": 20}",30m
0.8341178222340554,222.0,-57.05675312060063,37.26565108530663,46.11399298091306,0.27927927927927926,-0.052991254774138616,13.78058409971475,2.0,5.0,2.0,1800.0,trend,WF,231.309995760711,5.0,,,,,,30m
0.7678605557645434,197.0,-70.26159244788406,17.761781291465283,42.92745507781229,0.27411167512690354,-0.07417051328905783,13.78058409971475,1.0,5.0,2.0,1800.0,trend,WF-sitout,231.309995760711,5.0,,,,,,30m
0.1242596790248545,23.0,-74.39158224826463,-63.22191037112609,5.143014888624327,0.0869565217391304,-0.6932490302192993,15.372071495122109,,,1.0,1800.0,trend,HOLDOUT(best-PRE),,,-7.002316563531021,70.53599845531797,165.0,1.1555194576168046,"{""adx_min"": 25, ""breakout"": 55, ""fast"": 50, ""slow"": 200, ""stopAtr"": 2, ""tpR"": 0, ""trailAtr"": 0}",30m
1.6215685840032545,137.0,239.99784649929174,300.39955069378965,28.10601782670387,0.30656934306569344,0.30288869364544985,17.98554752373498,1.0,5.0,5.0,1800.0,tsmom,WF,788.6340577906252,3.0,,,,,,30m
1.6215685840032545,137.0,239.99784649929174,300.39955069378965,28.10601782670387,0.30656934306569344,0.30288869364544985,17.98554752373498,1.0,5.0,5.0,1800.0,tsmom,WF-sitout,788.6340577906252,3.0,,,,,,30m
0.2745296646832345,15.0,-31.95689743968668,-25.96791741463561,2.7485986914647618,0.2,-0.4346377142686129,10.624401731040106,,,1.0,1800.0,tsmom,HOLDOUT(best-PRE),,,-1.369335849723897,531.6410507250699,148.0,1.876939582162148,"{""H"": 48, ""L"": 168, ""stopAtr"": 3, ""trailAtr"": 0}",30m
0.7446665004603121,242.0,-168.00781024883977,-30.154462546238072,66.90085070575904,0.30578512396694213,-0.13605544521757842,19.532266749217268,2.0,5.0,7.0,1800.0,turtle,WF,215.03679762151384,4.0,,,,,,30m
0.6967420882011625,135.0,-108.37333837633155,-22.910739834954796,41.52023079149414,0.3111111111111111,-0.16959378863398675,19.532266749217268,1.0,5.0,4.0,1800.0,turtle,WF-sitout,215.03679762151384,4.0,,,,,,30m
0.6148466007415204,31.0,-32.17450470556312,-15.60965656587082,8.083265945734187,0.2580645161290322,-0.2057002697702377,10.813760006871666,,,1.0,1800.0,turtle,HOLDOUT(best-PRE),,,-2.0468434427065283,3.5041062186190857,312.0,1.0039946917166194,"{""n_in"": 100, ""n_out"": 50, ""stopN"": 2, ""trail"": ""chandelier""}",30m
0.5618421609589774,181.0,-229.7512927527028,-130.22533361524563,51.2023570265271,0.3812154696132597,-0.25729084188638407,15.571692416567812,0.0,8.0,2.0,3600.0,bbmr,WF,214.63110006800562,7.0,,,,,,1h
0.5745697481060811,174.0,-212.58594042664762,-115.02751675158493,50.21749456456765,0.3850574712643678,-0.2478936009213691,15.571692416567812,0.0,8.0,2.0,3600.0,bbmr,WF-sitout,214.63110006800562,7.0,,,,,,1h
inf,1.0,6.307128442692938,6.562242441576282,0.2094227024189784,1.0,1.2614256885385875,0.5244138367059121,,,0.0,3600.0,bbmr,HOLDOUT(best-PRE),,,3.95076563354278,20.427882889796525,26.0,1.2456115163227095,"{""k"": 2.5, ""maxAdx"": 20, ""n"": 20, ""rsiLo"": 28, ""stopAtr"": 1.5, ""timeBars"": 48}",1h
0.8768344353732286,389.0,-118.1295812192948,35.503224577736304,74.51149005915488,0.3033419023136246,-0.054052739657842054,20.59787611030862,2.0,8.0,12.0,3600.0,keltner,WF,1952.5194005570866,7.0,,,,,,1h
0.9138395385220517,300.0,-65.23194490682866,54.84748047320083,57.89664844263734,0.30999999999999994,-0.03671061476416663,20.59787611030862,2.0,8.0,9.0,3600.0,keltner,WF-sitout,1952.5194005570866,7.0,,,,,,1h
0.3815528035112029,31.0,-47.70138158388918,-36.01084345701612,5.21868110441365,0.1935483870967742,-0.3158072977358103,13.140328633982906,,,1.0,3600.0,keltner,HOLDOUT(best-PRE),,,-3.165472970913784,1560.6165067949098,479.0,1.5998957268227652,"{""adx_min"": 25, ""m"": 1.5, ""n"": 50, ""stopAtr"": 2, ""tpR"": 0, ""trailAtr"": 3}",1h
0.8228826353559311,421.0,-106.24503286379,29.182722329230117,66.50411147755446,0.31353919239904987,-0.051163732846371934,14.603208656203243,4.0,8.0,2.0,3600.0,macd,WF,159.7333213894772,5.0,,,,,,1h
0.7929552554892052,279.0,-86.03047685094617,12.028845076872042,48.416900507080626,0.3154121863799283,-0.06211899672036805,14.603208656203243,2.0,8.0,1.0,3600.0,macd,WF-sitout,159.7333213894772,5.0,,,,,,1h
0.7386887990007743,29.0,-6.304682397670854,-0.7356008807398532,2.695114548166884,0.3448275862068966,-0.042934250855021,3.0046195592853464,,,0.0,3600.0,macd,HOLDOUT(best-PRE),,,-1.6284901323264735,4.660651195012175,473.0,1.0111213747184928,"{""stopAtr"": 5, ""tpR"": 3, ""trail"": ""none"", ""trendN"": 200}",1h
0.9400604406008499,78.0,-9.283050977489278,14.501022541881214,11.551074665760556,0.3076923076923077,-0.021229280089749152,5.760630520027217,4.0,8.0,0.0,3600.0,macross,WF,1314.784772563657,5.0,,,,,,1h
0.9400604406008499,78.0,-9.283050977489278,14.501022541881214,11.551074665760556,0.3076923076923077,-0.021229280089749152,5.760630520027217,4.0,8.0,0.0,3600.0,macross,WF-sitout,1314.784772563657,5.0,,,,,,1h
0.6996113587736469,5.0,-2.7420331242102645,-1.31051941649475,0.590416488472159,0.4,-0.1072616727139379,3.1266397698959856,,,0.0,3600.0,macross,HOLDOUT(best-PRE),,,-0.4206345528767553,1017.0987456438146,78.0,3.267620631993984,"{""fast"": 20, ""long_only"": 1, ""slow"": 100, ""stopAtr"": 5, ""trail"": ""none""}",1h
0.8660815701707687,403.0,-145.30130246731102,118.56104659664817,130.88382185258394,0.3573200992555831,-0.07393428944415674,17.203224442303657,2.0,8.0,7.0,3600.0,orb,WF,-38.25018273182526,4.0,,,,,,1h
0.6507775214716086,190.0,-182.7198188859524,-55.8657701231509,62.89959283262332,0.3263157894736842,-0.19641884710979424,16.36585504000649,0.0,8.0,5.0,3600.0,orb,WF-sitout,-38.25018273182526,4.0,,,,,,1h
0.4454953247760533,29.0,-45.21312941385954,-30.54545109356808,7.270631902672126,0.3103448275862069,-0.3223088809721812,12.21761140123442,,,1.0,3600.0,orb,HOLDOUT(best-PRE),,,-7.632851529851087,-157.92174227627174,523.0,0.8389722981838319,"{""rangeH"": 8, ""stopMode"": ""mid"", ""tpR"": 0}",1h
0.6179484893583398,391.0,-80.43477414242915,6.685113090618796,43.55654951250713,0.5421994884910486,-0.04108292820087918,4.3409718338989824,0.0,8.0,0.0,3600.0,rsi2,WF,-95.27047113488723,6.0,,,,,,1h
0.5048170816657066,40.0,-19.271298583854485,-8.53436807070549,5.374596459725165,0.55,-0.0968580169221875,4.3409718338989824,0.0,8.0,0.0,3600.0,rsi2,WF-sitout,-95.27047113488723,6.0,,,,,,1h
2.188829822672915,17.0,3.960145481575504,7.1533662988888445,1.6022905874616098,0.7647058823529411,0.0465739827544004,0.7713022931472736,,,0.0,3600.0,rsi2,HOLDOUT(best-PRE),,,2.2388772168952307,-52.77097394303983,293.0,0.6262562878408146,"{""lo"": 5, ""stopAtr"": 5, ""timeBars"": 20, ""trendN"": 100}",1h
0.9902208656910089,211.0,-2.699846301424266,54.96106140389617,29.185080449578564,0.5213270142180095,-0.0016845189262374854,9.262796687327684,5.0,8.0,0.0,3600.0,skewproxy,WF,337.4418328002233,5.0,,,,,,1h
0.9595056212881332,182.0,-10.541331644827686,40.44433485268442,25.824219850062562,0.4725274725274725,-0.013566257424300114,9.262796687327684,4.0,8.0,0.0,3600.0,skewproxy,WF-sitout,337.4418328002233,5.0,,,,,,1h
0.3238053465318065,9.0,-9.936974511723468,-7.840906344483957,1.0193696652369966,0.5555555555555556,-0.2944496271372914,3.0615608558435725,,,0.0,3600.0,skewproxy,HOLDOUT(best-PRE),,,-2.277009439794766,-27.98238890624236,340.0,0.8915951799835639,"{""N"": 20, ""dir"": -1, ""exitRate"": 2e-05, ""maxHoldBars"": 30, ""maxRet"": 1.2, ""minRate"": 0.0001, ""minSkew"": 10000, ""stopPct"": 3, ""tpPct"": 1}",1h
1.13047157095558,212.0,50.55223490239139,110.70772688953802,29.525841028266466,0.36792452830188677,0.0459805246813034,9.792858935336746,4.0,8.0,0.0,3600.0,supertrend,WF,1027.2951543377417,4.0,,,,,,1h
1.13047157095558,212.0,50.55223490239139,110.70772688953802,29.525841028266466,0.36792452830188677,0.0459805246813034,9.792858935336746,4.0,8.0,0.0,3600.0,supertrend,WF-sitout,1027.2951543377417,4.0,,,,,,1h
0.7993105404788992,21.0,-6.943756343733577,-1.088502354859742,2.67545615486335,0.3809523809523809,-0.0643109674381421,3.899221531362904,,,0.0,3600.0,supertrend,HOLDOUT(best-PRE),,,-1.15568182367317,415.2684004447499,303.0,1.5235118712068394,"{""adx_min"": 0, ""m"": 3, ""n"": 10}",1h
0.6865488784797233,313.0,-207.40365362101312,-90.91324813759107,56.97759854452721,0.28434504792332266,-0.13654765432743632,17.79863523508324,2.0,8.0,8.0,3600.0,trend,WF,1366.426171566027,7.0,,,,,,1h
0.6865488784797233,313.0,-207.40365362101312,-90.91324813759107,56.97759854452721,0.28434504792332266,-0.13654765432743632,17.79863523508324,2.0,8.0,8.0,3600.0,trend,WF-sitout,1366.426171566027,7.0,,,,,,1h
0.5766044572234181,29.0,-29.8816695892146,-17.15521184414577,5.684434863363569,0.2068965517241379,-0.2005622118842808,10.229620224980229,,,1.0,3600.0,trend,HOLDOUT(best-PRE),,,-1.7481460406799232,606.4603585228915,455.0,1.314313270103843,"{""adx_min"": 0, ""breakout"": 10, ""fast"": 50, ""slow"": 200, ""stopAtr"": 2, ""tpR"": 0, ""trailAtr"": 0}",1h
1.208390955077133,300.0,145.79954030796935,232.56746327637217,42.562437297136086,0.34,0.13076636870332214,20.561557836019663,3.0,8.0,10.0,3600.0,tsmom,WF,2286.9087667440895,5.0,,,,,,1h
1.208390955077133,300.0,145.79954030796935,232.56746327637217,42.562437297136086,0.34,0.13076636870332214,20.561557836019663,3.0,8.0,10.0,3600.0,tsmom,WF-sitout,2286.9087667440895,5.0,,,,,,1h
0.2711346339405556,21.0,-50.01859351904984,-44.16447849384443,2.5563276605319274,0.1428571428571428,-0.4923242171939692,11.330442959539074,,,1.0,3600.0,tsmom,HOLDOUT(best-PRE),,,-2.7940387432158587,1026.0961555686115,312.0,1.5833595979373556,"{""H"": 12, ""L"": 168, ""stopAtr"": 3, ""trailAtr"": 0}",1h
1.3374528565084254,415.0,382.03933168166975,563.5038728843258,88.44268904947722,0.27228915662650605,0.1902046572872981,24.227587330130664,4.0,8.0,16.0,3600.0,turtle,WF,2233.285254266408,3.0,,,,,,1h
1.4268702254367973,380.0,437.633452922748,605.6696078759703,81.5546394858466,0.2736842105263158,0.2375863225850847,24.227587330130664,4.0,8.0,14.0,3600.0,turtle,WF-sitout,2233.285254266408,3.0,,,,,,1h
0.2463640211012626,39.0,-77.3635847640365,-62.126023544233895,6.995741521808268,0.1794871794871795,-0.4256941435617061,17.671570597385397,,,2.0,3600.0,turtle,HOLDOUT(best-PRE),,,-7.048645219948582,1342.429124951831,594.0,1.303883269471913,"{""n_in"": 20, ""n_out"": 10, ""stopN"": 2, ""trail"": ""none""}",1h
0.7813395386946083,61.0,-42.80187126704583,-24.930609361997302,8.79785658916058,0.32786885245901637,-0.14206398434712275,6.816200653735627,2.0,8.0,0.0,14400.0,bbmr,WF,298.5645852083331,8.0,,,,,,4h
0.7813395386946083,61.0,-42.80187126704583,-24.930609361997302,8.79785658916058,0.32786885245901637,-0.14206398434712275,6.816200653735627,2.0,8.0,0.0,14400.0,bbmr,WF-sitout,298.5645852083331,8.0,,,,,,4h
,0.0,0.0,0.0,0.0,,,0.0,,,0.0,14400.0,bbmr,HOLDOUT(best-PRE),,,,56.35488930212296,50.0,1.5195883834509545,"{""k"": 2.0, ""maxAdx"": 30, ""n"": 20, ""rsiLo"": 28, ""stopAtr"": 1.5, ""timeBars"": 12}",4h
0.9382217957051874,142.0,-19.229908580005493,8.761472829799743,13.742374084268793,0.30985915492957744,-0.02720701896787308,10.196815312111278,3.0,8.0,1.0,14400.0,keltner,WF,1764.322879805839,6.0,,,,,,4h
0.9382217957051874,142.0,-19.229908580005493,8.761472829799743,13.742374084268793,0.30985915492957744,-0.02720701896787308,10.196815312111278,3.0,8.0,1.0,14400.0,keltner,WF-sitout,1764.322879805839,6.0,,,,,,4h
0.0,9.0,-28.916865918326497,-27.420269120123443,0.6861540104538897,0.0,-0.6568016480981933,5.874031550797798,,,0.0,14400.0,keltner,HOLDOUT(best-PRE),,,-6.3757432364476925,1751.885920309457,142.0,3.2297789441479496,"{""adx_min"": 0, ""m"": 1.5, ""n"": 20, ""stopAtr"": 3, ""tpR"": 0, ""trailAtr"": 3}",4h
0.8144057061949518,94.0,-31.718024233591727,-10.981321952741432,10.13503898114664,0.2978723404255319,-0.06766471952547136,6.243514977032788,3.0,8.0,0.0,14400.0,macd,WF,248.64290861982914,6.0,,,,,,4h
0.7631918684439977,89.0,-39.45703156351358,-19.658957786599235,9.721017389986805,0.29213483146067415,-0.08893146331733033,6.243514977032788,2.0,8.0,0.0,14400.0,macd,WF-sitout,248.64290861982914,6.0,,,,,,4h
,0.0,0.0,0.0,0.0,,,0.0,,,0.0,14400.0,macd,HOLDOUT(best-PRE),,,,40.14659721873316,24.0,2.4974477810331908,"{""stopAtr"": 5, ""tpR"": 0, ""trail"": ""none"", ""trendN"": 50}",4h
0.5595138589135988,50.0,-43.78092249942482,-34.4999765029286,4.306284525914608,0.34,-0.17575638181612965,4.498092828423672,2.0,8.0,0.0,14400.0,macross,WF,300.58781706020704,4.0,,,,,,4h
0.539959004389645,46.0,-45.18361125205166,-36.84906885432097,3.951504670482423,0.32608695652173914,-0.19715802079772268,4.498092828423672,1.0,8.0,0.0,14400.0,macross,WF-sitout,300.58781706020704,4.0,,,,,,4h
0.0,2.0,-6.953905740051887,-6.63392372061013,0.16970013588932,0.0,-0.6974448162184959,2.1523914796724912,,,0.0,14400.0,macross,HOLDOUT(best-PRE),,,-1.991191865322396,660.8650565319036,46.0,4.105494505828621,"{""fast"": 10, ""long_only"": 1, ""slow"": 30, ""stopAtr"": 3, ""trail"": ""none""}",4h
0.792525482351999,106.0,-22.410048967440915,-1.396932364444253,10.593564966303418,0.5849056603773585,-0.04175504501645997,6.839436402697134,5.0,8.0,0.0,14400.0,rsi2,WF,46.013282662048354,5.0,,,,,,4h
0.792525482351999,106.0,-22.410048967440915,-1.396932364444253,10.593564966303418,0.5849056603773585,-0.04175504501645997,6.839436402697134,5.0,8.0,0.0,14400.0,rsi2,WF-sitout,46.013282662048354,5.0,,,,,,4h
8.294182169956343,6.0,2.0542662089129973,2.928955447919259,0.4942877339749407,0.8333333333333334,0.0684797259595724,0.846248483401112,,,0.0,14400.0,rsi2,HOLDOUT(best-PRE),,,0.9789542805673036,0.2396791158040585,88.0,1.0042380060349825,"{""lo"": 5, ""stopAtr"": 3, ""timeBars"": 10, ""trendN"": 200}",4h
0.904006730285582,91.0,-21.252861412525856,21.965552456724843,21.71639904046687,0.3076923076923077,-0.05950421707919789,6.860473019009055,3.0,8.0,0.0,14400.0,skewproxy,WF,425.1436789696646,4.0,,,,,,4h
0.904006730285582,91.0,-21.252861412525856,21.965552456724843,21.71639904046687,0.3076923076923077,-0.05950421707919789,6.860473019009055,3.0,8.0,0.0,14400.0,skewproxy,WF-sitout,425.1436789696646,4.0,,,,,,4h
,0.0,0.0,0.0,0.0,,,0.0,,,0.0,14400.0,skewproxy,HOLDOUT(best-PRE),,,,36.49837213514791,68.0,1.215962406996522,"{""N"": 20, ""dir"": 1, ""exitRate"": 2e-05, ""maxHoldBars"": 8, ""maxRet"": 1.2, ""minRate"": 0.0001, ""minSkew"": 10000, ""stopPct"": 1.5, ""tpPct"": 4}",4h
1.8575082559733374,75.0,112.87342122972103,128.50921890166418,7.619731179597446,0.37333333333333335,0.2960110340063737,5.436630318470244,3.0,8.0,0.0,14400.0,supertrend,WF,385.74743590432445,3.0,,,,,,4h
1.8575082559733374,75.0,112.87342122972103,128.50921890166418,7.619731179597446,0.37333333333333335,0.2960110340063737,5.436630318470244,3.0,8.0,0.0,14400.0,supertrend,WF-sitout,385.74743590432445,3.0,,,,,,4h
0.0,2.0,-5.161189253841452,-4.912905411950511,0.1348448221872504,0.0,-0.5174576043509314,1.3208000955554282,,,0.0,14400.0,supertrend,HOLDOUT(best-PRE),,,-3.3422685101849043,621.47658608129,43.0,4.867605395633495,"{""adx_min"": 0, ""m"": 3, ""n"": 10}",4h
1.1908692601697293,133.0,43.49767523472963,70.7904167338933,13.456308127502606,0.3684210526315789,0.06462559162783628,7.623863364323391,3.0,8.0,0.0,14400.0,trend,WF,1650.7214312673516,6.0,,,,,,4h
1.1908692601697293,133.0,43.49767523472963,70.7904167338933,13.456308127502606,0.3684210526315789,0.06462559162783628,7.623863364323391,3.0,8.0,0.0,14400.0,trend,WF-sitout,1650.7214312673516,6.0,,,,,,4h
0.0,2.0,-3.982110480009316,-3.711620110592369,0.1614784005984663,0.0,-0.3977553486146464,0.9426137335483716,,,0.0,14400.0,trend,HOLDOUT(best-PRE),,,-4.351700639313849,1295.7413726416146,85.0,4.790860124054284,"{""adx_min"": 0, ""breakout"": 55, ""fast"": 20, ""slow"": 50, ""stopAtr"": 3, ""tpR"": 0, ""trailAtr"": 3}",4h
1.3460036943578366,86.0,70.33372602804815,87.17101088384251,7.383057152434888,0.36046511627906974,0.16249004657836566,8.811815733369134,3.0,8.0,0.0,14400.0,tsmom,WF,1452.6734112945674,4.0,,,,,,4h
1.3460036943578366,86.0,70.33372602804815,87.17101088384251,7.383057152434888,0.36046511627906974,0.16249004657836566,8.811815733369134,3.0,8.0,0.0,14400.0,tsmom,WF-sitout,1452.6734112945674,4.0,,,,,,4h
0.0,7.0,-30.05483262467145,-29.238994890879912,0.5584361105504125,0.0,-0.879514461986125,7.086294958283476,,,0.0,14400.0,tsmom,HOLDOUT(best-PRE),,,-6.503810343701125,1000.6119498267772,115.0,2.5084008031958143,"{""H"": 12, ""L"": 48, ""stopAtr"": 3, ""trailAtr"": 4}",4h
0.9371609175834875,80.0,-13.035865119077492,4.380455258456408,8.518220180278021,0.3,-0.02216410211333373,10.176345497726135,3.0,8.0,1.0,14400.0,turtle,WF,1370.807814187582,6.0,,,,,,4h
0.9371609175834875,80.0,-13.035865119077492,4.380455258456408,8.518220180278021,0.3,-0.02216410211333373,10.176345497726135,3.0,8.0,1.0,14400.0,turtle,WF-sitout,1370.807814187582,6.0,,,,,,4h
0.0832693478180736,9.0,-22.88727913091245,-21.194434690946046,0.6706615491966065,0.1111111111111111,-0.5154309083240847,5.507980150159572,,,0.0,14400.0,turtle,HOLDOUT(best-PRE),,,-3.298157364369521,1274.5763686898467,132.0,2.757795301091076,"{""n_in"": 20, ""n_out"": 10, ""stopN"": 3, ""trail"": ""none""}",4h
