config,tf,oos_trades,oos_net,oos_win,pre_trades,pre_net,pre_pf,pre_dd,pre_halts,pre_nocost_net,holdout_trades,holdout_net,holdout_win,holdout_dd
"echo (Active 15s mean-rev, evaluated at 1m)",1m,108.0,-92.40865596842508,0.42592592592592593,101,-95.76978058764392,0.1010273047302519,19.196570155053408,2,10.54655268511646,60,-48.02837444884092,0.3666666666666666,9.832338344344604
echo (fleet 15m mean-rev),15m,36.0,-29.846520637526204,0.4444444444444444,55,-39.75558001755852,0.7067904288340813,11.6307208636066,1,4.731356526242648,5,-0.4188169829483081,0.6,1.8803333290683248
"halo (Active 30s mean-rev, evaluated at 1m)",1m,108.0,-100.26744694220818,0.3148148148148148,108,-96.12454351399434,0.1570020342747844,19.22490870279886,2,20.190610947066777,47,-50.032480731694285,0.3617021276595745,10.27654170269617
halo (fleet 1h mean-rev),1h,22.0,-52.64542041370878,0.1818181818181818,28,-5.407387833116154,0.9295039705987498,10.295125614092877,1,0.6523060517081758,1,0.677564538941979,1.0,0.4804354419278178
lyra (Active 1m skew proxy),1m,108.0,-93.30848470185555,0.13888888888888887,141,-78.29293200072817,0.1350850435911512,16.003462248089967,1,0.9923682435990512,60,-30.5037870765912,0.2666666666666666,6.727058930462474
nova (Active 30m skew proxy),30m,847.0,-521.8979149117775,0.4297520661157025,1324,-388.21557398167886,0.5367730226123826,77.75174974240369,15,53.33988547660709,147,-100.70950640448432,0.4421768707482993,20.693607331134128
regal (Active 15m trend),15m,666.0,-497.72057590801717,0.23573573573573572,942,-416.3992411832923,0.4988775686304504,84.11898574598486,25,-130.7053031878257,114,-100.27756779603357,0.2631578947368421,21.43896506891201
regal (fleet 4h trend),4h,123.0,190.9917941160498,0.3008130081300813,155,556.4315223993926,1.8927535230905552,24.172788100044357,6,610.1555327633403,9,-36.21891598577075,0.0,7.44489500928003
vega (Active 5m trend),5m,313.0,-238.53168860691096,0.22044728434504793,539,-279.04403702223897,0.5227037945920411,56.29162661505994,9,-80.50793056935485,125,-168.0313707247584,0.128,33.8679580825335
vega (fleet 1h trend),1h,417.0,-60.207249810623665,0.2973621103117506,572,190.95896426341287,1.1211061778552014,48.98429776218917,17,875.8809865463134,35,-36.17528898576112,0.2857142857142857,10.114418045251378
