tf,family,fold,cfg,is_net,is_trades,oos_trades,oos_net,oos_win,oos_pf
60,bbmr,0,"{""k"": 2.5, ""maxAdx"": 20, ""n"": 20, ""rsiLo"": 28, ""stopAtr"": 1.5, ""timeBars"": 48}",-10.524904894695736,26,7,-14.337049675179331,0.4285714285714285,0.1720049947191545
60,bbmr,1,"{""k"": 1.5, ""maxAdx"": 20, ""n"": 20, ""rsiLo"": 28, ""stopAtr"": 1.5, ""timeBars"": 48}",-19.21484374320281,29,13,-16.260478476552375,0.3076923076923077,0.3796955351895973
60,bbmr,2,"{""k"": 2.5, ""maxAdx"": 20, ""n"": 20, ""rsiLo"": 35, ""stopAtr"": 1.5, ""timeBars"": 48}",-20.507602551524705,67,27,-9.15579491219802,0.5925925925925926,0.7813527529838751
60,keltner,0,"{""adx_min"": 0, ""m"": 3, ""n"": 50, ""stopAtr"": 2, ""tpR"": 0, ""trailAtr"": 3}",-38.77463206140933,36,36,-39.47861794730327,0.2222222222222222,0.2123106252528745
60,keltner,1,"{""adx_min"": 0, ""m"": 1.5, ""n"": 50, ""stopAtr"": 2, ""tpR"": 3, ""trailAtr"": 0}",-30.654984624562708,72,36,-26.214364171854044,0.1666666666666666,0.3540500650815765
60,keltner,2,"{""adx_min"": 0, ""m"": 3, ""n"": 50, ""stopAtr"": 2, ""tpR"": 3, ""trailAtr"": 3}",-31.07933502349784,72,36,-30.72154262973768,0.25,0.3047309747331126
60,macd,0,"{""stopAtr"": 5, ""tpR"": 0, ""trail"": ""none"", ""trendN"": 200}",-47.17041825730932,45,36,-28.105743852077037,0.1666666666666666,0.1957520359422546
60,macd,1,"{""stopAtr"": 2, ""tpR"": 0, ""trail"": ""chandelier"", ""trendN"": 50}",-50.03328781265786,48,36,-34.40987406771906,0.1111111111111111,0.1329212578611674
60,macd,2,"{""stopAtr"": 3, ""tpR"": 0, ""trail"": ""none"", ""trendN"": 200}",-48.22259997708977,53,36,-40.42078640051079,0.1388888888888889,0.1353368448436465
60,macross,0,"{""fast"": 20, ""long_only"": 0, ""slow"": 100, ""stopAtr"": 5, ""trail"": ""none""}",-35.28944792245587,45,25,-50.73071849273615,0.12,0.090210104053788
60,macross,1,"{""fast"": 10, ""long_only"": 0, ""slow"": 30, ""stopAtr"": 5, ""trail"": ""none""}",-36.62404426813767,72,36,-45.536653928887176,0.1666666666666666,0.1323654582871941
60,macross,2,"{""fast"": 50, ""long_only"": 1, ""slow"": 200, ""stopAtr"": 5, ""trail"": ""chandelier""}",-24.42513580876336,48,24,-16.265304141054465,0.1666666666666666,0.3919362870856066
60,orb,0,"{""rangeH"": 8, ""stopMode"": ""range"", ""tpR"": 2}",-12.94442625538654,12,6,1.9044588347608171,0.5,1.2545907830198966
60,orb,1,"{""rangeH"": 8, ""stopMode"": ""range"", ""tpR"": 2}",-0.6477532561931474,12,6,-6.12746176420726,0.5,0.5891530656643771
60,orb,2,"{""rangeH"": 2, ""stopMode"": ""mid"", ""tpR"": 0}",8.858140313062037,11,6,-4.65662149845188,0.1666666666666666,0.8091191755666274
60,rsi2,0,"{""lo"": 5, ""stopAtr"": 5, ""timeBars"": 10, ""trendN"": 100}",-46.602741858134976,72,36,-29.09418199746745,0.0555555555555555,0.0004022852167278
60,rsi2,1,"{""lo"": 5, ""stopAtr"": 5, ""timeBars"": 10, ""trendN"": 100}",-49.53553891507472,72,36,-29.646075714488013,0.1388888888888889,0.0588818465096288
60,rsi2,2,"{""lo"": 20, ""stopAtr"": 2, ""timeBars"": 10, ""trendN"": 200}",-50.23769727076341,69,36,-42.32003893141967,0.0833333333333333,0.0128359741938337
60,skewproxy,0,"{""N"": 20, ""dir"": 1, ""exitRate"": 2e-05, ""maxHoldBars"": 30, ""maxRet"": 1.2, ""minRate"": 0.0001, ""minSkew"": 10000, ""stopPct"": 3, ""tpPct"": 1}",-12.855805928792572,72,36,-8.264073157397853,0.2222222222222222,0.2755336746675265
60,skewproxy,1,"{""N"": 10, ""dir"": 1, ""exitRate"": 2e-05, ""maxHoldBars"": 30, ""maxRet"": 1.2, ""minRate"": 0.0001, ""minSkew"": 10000, ""stopPct"": 3, ""tpPct"": 1}",-10.152707854300086,72,36,-5.976482560147197,0.1944444444444444,0.4646610324064471
60,skewproxy,2,"{""N"": 10, ""dir"": 1, ""exitRate"": 2e-05, ""maxHoldBars"": 8, ""maxRet"": 1.2, ""minRate"": 0.0001, ""minSkew"": 10000, ""stopPct"": 3, ""tpPct"": 1}",-9.46434685327883,72,36,-7.240072593224506,0.3888888888888889,0.2330131245400309
60,supertrend,0,"{""adx_min"": 25, ""m"": 4, ""n"": 10}",-25.48575373543994,53,30,-13.776114477222976,0.4,0.6701442574212868
60,supertrend,1,"{""adx_min"": 25, ""m"": 3, ""n"": 20}",-38.73485255321251,67,32,-25.097062095618394,0.21875,0.420294719583246
60,supertrend,2,"{""adx_min"": 0, ""m"": 4, ""n"": 20}",-25.023251631365447,72,36,-38.09169572352254,0.3333333333333333,0.4434642831538191
60,trend,0,"{""adx_min"": 0, ""breakout"": 55, ""fast"": 20, ""slow"": 50, ""stopAtr"": 2, ""tpR"": 0, ""trailAtr"": 3}",-33.54293706550992,72,36,-22.82598819101201,0.2222222222222222,0.481102251614472
60,trend,1,"{""adx_min"": 25, ""breakout"": 20, ""fast"": 50, ""slow"": 200, ""stopAtr"": 4, ""tpR"": 0, ""trailAtr"": 3}",-45.98265142396975,56,36,-37.43769573796033,0.2222222222222222,0.2773934837353585
60,trend,2,"{""adx_min"": 25, ""breakout"": 55, ""fast"": 9, ""slow"": 21, ""stopAtr"": 2, ""tpR"": 3, ""trailAtr"": 0}",-20.78635253887028,69,36,-13.092772988589283,0.25,0.6350265708786673
60,tsmom,0,"{""H"": 12, ""L"": 500, ""stopAtr"": 3, ""trailAtr"": 0}",-30.610153362339904,27,16,-9.254804095032467,0.125,0.7778780632727551
60,tsmom,1,"{""H"": 48, ""L"": 500, ""stopAtr"": 3, ""trailAtr"": 0}",-33.75074164686544,43,17,-6.742610622513836,0.1176470588235294,0.8860254413995989
60,tsmom,2,"{""H"": 12, ""L"": 500, ""stopAtr"": 6, ""trailAtr"": 0}",-9.26498628016503,40,25,24.36985668603767,0.32,1.4738063217739263
60,turtle,0,"{""n_in"": 20, ""n_out"": 10, ""stopN"": 2, ""trail"": ""none""}",-32.10787680503801,59,36,-23.687501635416908,0.25,0.3957561037094855
60,turtle,1,"{""n_in"": 20, ""n_out"": 10, ""stopN"": 2, ""trail"": ""chandelier""}",-45.031478914914736,52,36,-25.25252019862672,0.1111111111111111,0.5153847475969409
60,turtle,2,"{""n_in"": 20, ""n_out"": 10, ""stopN"": 2, ""trail"": ""none""}",-47.94174774252953,57,36,-38.6450981322234,0.3055555555555556,0.2987756236573018
300,bbmr,0,"{""k"": 1.5, ""maxAdx"": 20, ""n"": 20, ""rsiLo"": 28, ""stopAtr"": 1.5, ""timeBars"": 48}",-12.663517783900032,43,16,-29.05835883381385,0.3125,0.4341318513508336
300,bbmr,1,"{""k"": 1.5, ""maxAdx"": 20, ""n"": 20, ""rsiLo"": 35, ""stopAtr"": 3, ""timeBars"": 48}",21.79262611792472,211,80,-47.29788142825367,0.575,0.683744643709873
300,bbmr,2,"{""k"": 1.5, ""maxAdx"": 20, ""n"": 20, ""rsiLo"": 28, ""stopAtr"": 3, ""timeBars"": 48}",44.56885662026784,29,15,-42.40098051361779,0.1333333333333333,0.0565958158464519
300,keltner,0,"{""adx_min"": 25, ""m"": 3, ""n"": 20, ""stopAtr"": 2, ""tpR"": 0, ""trailAtr"": 3}",-41.444342305776736,137,63,68.51979434826661,0.2857142857142857,1.4920069678594643
300,keltner,1,"{""adx_min"": 25, ""m"": 3, ""n"": 50, ""stopAtr"": 2, ""tpR"": 0, ""trailAtr"": 3}",108.86131389279512,158,71,-81.22242166119622,0.2816901408450704,0.4928914021837366
300,keltner,2,"{""adx_min"": 25, ""m"": 1.5, ""n"": 50, ""stopAtr"": 3, ""tpR"": 0, ""trailAtr"": 0}",149.0971494757539,160,84,21.29963397193157,0.238095238095238,1.141367899805341
300,macd,0,"{""stopAtr"": 5, ""tpR"": 0, ""trail"": ""chandelier"", ""trendN"": 50}",-120.71775222511684,227,123,-60.21339281725532,0.2520325203252032,0.45949761802172
300,macd,1,"{""stopAtr"": 3, ""tpR"": 3, ""trail"": ""none"", ""trendN"": 200}",-109.11323665456376,217,117,-81.03320912209337,0.2478632478632478,0.5124355710746887
300,macd,2,"{""stopAtr"": 5, ""tpR"": 0, ""trail"": ""none"", ""trendN"": 50}",-108.9043735711893,244,126,-65.12584816350821,0.2619047619047619,0.47844070441085
300,macross,0,"{""fast"": 50, ""long_only"": 0, ""slow"": 200, ""stopAtr"": 5, ""trail"": ""none""}",14.523519607498148,89,45,7.678704925365724,0.3111111111111111,1.0631144658999478
300,macross,1,"{""fast"": 50, ""long_only"": 0, ""slow"": 200, ""stopAtr"": 5, ""trail"": ""none""}",-30.43549197955266,92,42,-61.06490658006471,0.2142857142857142,0.5034117067178712
300,macross,2,"{""fast"": 50, ""long_only"": 1, ""slow"": 200, ""stopAtr"": 5, ""trail"": ""none""}",37.4933661313684,53,21,-46.784384131432994,0.1904761904761904,0.2708052606909106
300,orb,0,"{""rangeH"": 8, ""stopMode"": ""range"", ""tpR"": 2}",7.545302494274383,59,16,-7.251676677285573,0.3125,0.7606241344656682
300,orb,1,"{""rangeH"": 8, ""stopMode"": ""range"", ""tpR"": 0}",25.470479882863067,46,26,-22.34592984821204,0.3461538461538461,0.4986503179514649
300,orb,2,"{""rangeH"": 8, ""stopMode"": ""range"", ""tpR"": 0}",-5.272962847839411,42,24,11.76258726042898,0.3333333333333333,1.371250395214198
300,rsi2,0,"{""lo"": 5, ""stopAtr"": 5, ""timeBars"": 10, ""trendN"": 100}",-114.15874322940994,221,134,-34.608029866614686,0.4925373134328358,0.4700930066157643
300,rsi2,1,"{""lo"": 5, ""stopAtr"": 5, ""timeBars"": 5, ""trendN"": 100}",-84.83709842385369,241,130,-50.85079342458988,0.3692307692307692,0.2698309631774854
300,rsi2,2,"{""lo"": 5, ""stopAtr"": 5, ""timeBars"": 20, ""trendN"": 100}",-67.21034046459769,238,110,-74.74509729152277,0.1363636363636363,0.0633811090584176
300,skewproxy,0,"{""N"": 20, ""dir"": -1, ""exitRate"": 2e-05, ""maxHoldBars"": 8, ""maxRet"": 1.2, ""minRate"": 0.0001, ""minSkew"": 10000, ""stopPct"": 3, ""tpPct"": 2}",-47.53240105637484,267,126,-20.041234061710544,0.5079365079365079,0.7473848932684931
300,skewproxy,1,"{""N"": 4, ""dir"": -1, ""exitRate"": 2e-05, ""maxHoldBars"": 30, ""maxRet"": 1.2, ""minRate"": 0.0001, ""minSkew"": 10000, ""stopPct"": 3, ""tpPct"": 1}",-34.39905731847978,354,180,-38.27211791741179,0.3444444444444444,0.2461485244467015
300,skewproxy,2,"{""N"": 10, ""dir"": 1, ""exitRate"": 2e-05, ""maxHoldBars"": 30, ""maxRet"": 1.2, ""minRate"": 0.0001, ""minSkew"": 10000, ""stopPct"": 3, ""tpPct"": 4}",-26.48458753037757,294,170,-30.28467798069829,0.2058823529411764,0.3847819741173992
300,supertrend,0,"{""adx_min"": 25, ""m"": 4, ""n"": 20}",-87.9503261991376,57,31,-34.72974431294738,0.2580645161290322,0.4456315376812547
300,supertrend,1,"{""adx_min"": 25, ""m"": 4, ""n"": 10}",-69.86846958340482,54,32,0.9292676537555736,0.375,1.0144093480644305
300,supertrend,2,"{""adx_min"": 25, ""m"": 4, ""n"": 20}",-30.35845383918404,69,38,-57.41917056139958,0.2368421052631578,0.2040854140792624
300,trend,0,"{""adx_min"": 25, ""breakout"": 10, ""fast"": 50, ""slow"": 200, ""stopAtr"": 3, ""tpR"": 0, ""trailAtr"": 3}",-27.40993094858796,159,80,68.0154724616254,0.2875,1.366319445834964
300,trend,1,"{""adx_min"": 0, ""breakout"": 20, ""fast"": 20, ""slow"": 50, ""stopAtr"": 3, ""tpR"": 0, ""trailAtr"": 0}",87.2076561086692,205,105,-61.274569733559424,0.238095238095238,0.666268888905801
300,trend,2,"{""adx_min"": 0, ""breakout"": 20, ""fast"": 50, ""slow"": 200, ""stopAtr"": 2, ""tpR"": 0, ""trailAtr"": 3}",74.14866570492708,164,88,-84.60350198781131,0.2272727272727272,0.3718994768949004
300,tsmom,0,"{""H"": 48, ""L"": 500, ""stopAtr"": 3, ""trailAtr"": 0}",67.90376646695664,47,31,-23.59269547069984,0.1935483870967742,0.7640190777749316
300,tsmom,1,"{""H"": 12, ""L"": 168, ""stopAtr"": 3, ""trailAtr"": 4}",143.8945867655013,190,67,-75.47502272728761,0.2388059701492537,0.5567212589344356
300,tsmom,2,"{""H"": 12, ""L"": 500, ""stopAtr"": 3, ""trailAtr"": 4}",45.01919800544621,186,96,-42.43251095122696,0.2604166666666667,0.7845917021109959
300,turtle,0,"{""n_in"": 100, ""n_out"": 50, ""stopN"": 2, ""trail"": ""chandelier""}",-97.63243184700475,147,91,106.73416252033186,0.3626373626373626,1.4743205086831206
300,turtle,1,"{""n_in"": 100, ""n_out"": 50, ""stopN"": 2, ""trail"": ""none""}",49.85213745751932,73,51,-81.92633043933549,0.2156862745098039,0.4905118253109624
300,turtle,2,"{""n_in"": 100, ""n_out"": 50, ""stopN"": 2, ""trail"": ""chandelier""}",31.567847860955496,179,68,-93.90607829397236,0.2352941176470588,0.2302385513097221
900,bbmr,0,"{""k"": 1.5, ""maxAdx"": 20, ""n"": 20, ""rsiLo"": 28, ""stopAtr"": 3, ""timeBars"": 48}",27.83650842817933,21,9,-15.126962633219277,0.3333333333333333,0.4349666104182584
900,bbmr,1,"{""k"": 2.5, ""maxAdx"": 20, ""n"": 20, ""rsiLo"": 28, ""stopAtr"": 3, ""timeBars"": 12}",7.071999398810794,12,5,-4.759475645466601,0.4,0.4464817208855035
900,bbmr,2,"{""k"": 2.5, ""maxAdx"": 20, ""n"": 20, ""rsiLo"": 28, ""stopAtr"": 3, ""timeBars"": 12}",5.714504683248425,14,8,3.363396778876285,0.75,1.3482536217997745
900,bbmr,3,"{""k"": 2.5, ""maxAdx"": 20, ""n"": 20, ""rsiLo"": 28, ""stopAtr"": 3, ""timeBars"": 48}",-4.5719131314339805,17,7,-5.492628197022297,0.4285714285714285,0.7204533373154539
900,bbmr,4,"{""k"": 2.5, ""maxAdx"": 20, ""n"": 20, ""rsiLo"": 28, ""stopAtr"": 3, ""timeBars"": 48}",-1.7719574000786569,18,5,-1.4693218502224985,0.6,0.8462630585158748
900,keltner,0,"{""adx_min"": 0, ""m"": 3, ""n"": 20, ""stopAtr"": 2, ""tpR"": 3, ""trailAtr"": 0}",-15.750713313623429,155,54,-63.09504532552961,0.2222222222222222,0.6133046979664497
900,keltner,1,"{""adx_min"": 0, ""m"": 3, ""n"": 50, ""stopAtr"": 3, ""tpR"": 0, ""trailAtr"": 0}",-5.245521018074761,171,62,-63.64356324543101,0.3387096774193548,0.5316013290905348
900,keltner,2,"{""adx_min"": 0, ""m"": 2, ""n"": 50, ""stopAtr"": 2, ""tpR"": 3, ""trailAtr"": 0}",13.637145026934803,319,88,-73.07153209487898,0.2159090909090909,0.7025001040218927
900,keltner,3,"{""adx_min"": 0, ""m"": 3, ""n"": 50, ""stopAtr"": 2, ""tpR"": 0, ""trailAtr"": 3}",-58.41858273422187,164,55,-57.25834877820016,0.1818181818181818,0.6457452563135156
900,keltner,4,"{""adx_min"": 0, ""m"": 3, ""n"": 20, ""stopAtr"": 3, ""tpR"": 3, ""trailAtr"": 0}",47.01585557117083,138,43,-78.814950962593,0.1627906976744186,0.1854163134942015
900,macd,0,"{""stopAtr"": 5, ""tpR"": 0, ""trail"": ""chandelier"", ""trendN"": 200}",-130.01162288587363,346,137,-41.76696113558648,0.2335766423357664,0.678072403245031
900,macd,1,"{""stopAtr"": 5, ""tpR"": 3, ""trail"": ""chandelier"", ""trendN"": 200}",-113.54089507096056,362,127,-55.372569772265166,0.2047244094488189,0.5132623911403313
900,macd,2,"{""stopAtr"": 5, ""tpR"": 0, ""trail"": ""chandelier"", ""trendN"": 200}",-95.46741680764144,377,130,-56.50177210671942,0.2,0.5196615442087669
900,macd,3,"{""stopAtr"": 5, ""tpR"": 3, ""trail"": ""chandelier"", ""trendN"": 200}",-107.61528367542478,363,144,-31.0110967056903,0.2916666666666667,0.7115657341493252
900,macd,4,"{""stopAtr"": 5, ""tpR"": 0, ""trail"": ""none"", ""trendN"": 200}",-106.3531718640255,350,118,-88.79567160052568,0.2288135593220339,0.2760491633161134
900,macross,0,"{""fast"": 50, ""long_only"": 1, ""slow"": 200, ""stopAtr"": 5, ""trail"": ""chandelier""}",-9.464173162736106,37,12,-0.392058653416715,0.1666666666666666,0.9655463721237832
900,macross,1,"{""fast"": 50, ""long_only"": 0, ""slow"": 200, ""stopAtr"": 5, ""trail"": ""none""}",4.574992273238536,70,20,-1.8118756147515187,0.4,0.966165985985393
900,macross,2,"{""fast"": 50, ""long_only"": 0, ""slow"": 200, ""stopAtr"": 5, ""trail"": ""none""}",59.062002936069945,63,23,-15.388470544200882,0.3478260869565217,0.7743721471292021
900,macross,3,"{""fast"": 50, ""long_only"": 0, ""slow"": 200, ""stopAtr"": 5, ""trail"": ""none""}",-2.4546731095303813,63,13,89.39444641645267,0.4615384615384615,4.769656846645342
900,macross,4,"{""fast"": 20, ""long_only"": 1, ""slow"": 100, ""stopAtr"": 3, ""trail"": ""none""}",59.45265232107379,64,29,-56.729223825630704,0.1379310344827586,0.2894349107352827
900,orb,0,"{""rangeH"": 2, ""stopMode"": ""range"", ""tpR"": 2}",-37.06856498705737,104,38,-28.76832841742707,0.3421052631578947,0.7222695044437911
900,orb,1,"{""rangeH"": 4, ""stopMode"": ""mid"", ""tpR"": 2}",8.401835475983866,111,43,-2.446157169063867,0.4418604651162791,0.9761215929621702
900,orb,2,"{""rangeH"": 8, ""stopMode"": ""mid"", ""tpR"": 0}",4.47457884651575,107,40,-10.59207768070367,0.35,0.8920774817505265
900,orb,3,"{""rangeH"": 4, ""stopMode"": ""mid"", ""tpR"": 2}",9.134160396015451,107,40,-29.20615336676686,0.375,0.7495080042530802
900,orb,4,"{""rangeH"": 8, ""stopMode"": ""range"", ""tpR"": 0}",4.148959045029022,97,36,-20.48037575189664,0.3333333333333333,0.6252666677537474
900,rsi2,0,"{""lo"": 5, ""stopAtr"": 5, ""timeBars"": 10, ""trendN"": 100}",-66.74003219661485,253,89,-4.1419042751135065,0.5056179775280899,0.8716890216076997
900,rsi2,1,"{""lo"": 5, ""stopAtr"": 5, ""timeBars"": 10, ""trendN"": 100}",-56.12806962889645,242,98,-9.418575611660245,0.5714285714285714,0.7683594930994112
900,rsi2,2,"{""lo"": 5, ""stopAtr"": 5, ""timeBars"": 10, ""trendN"": 100}",-51.71706428453708,240,102,-32.99572203748738,0.3431372549019608,0.2806062961045563
900,rsi2,3,"{""lo"": 5, ""stopAtr"": 5, ""timeBars"": 20, ""trendN"": 100}",-43.87521008473009,260,93,-35.75318458153096,0.5698924731182796,0.4038418879143849
900,rsi2,4,"{""lo"": 5, ""stopAtr"": 5, ""timeBars"": 5, ""trendN"": 100}",-61.16592335409993,245,108,-22.57067890163923,0.4351851851851852,0.5177060737488443
900,skewproxy,0,"{""N"": 20, ""dir"": 1, ""exitRate"": 2e-05, ""maxHoldBars"": 30, ""maxRet"": 1.2, ""minRate"": 0.0001, ""minSkew"": 10000, ""stopPct"": 3, ""tpPct"": 2}",-21.60125110810184,201,85,-0.279606608114728,0.4470588235294118,0.9960660277726632
900,skewproxy,1,"{""N"": 20, ""dir"": 1, ""exitRate"": 2e-05, ""maxHoldBars"": 30, ""maxRet"": 1.2, ""minRate"": 0.0001, ""minSkew"": 10000, ""stopPct"": 3, ""tpPct"": 2}",-17.48508034055872,215,76,5.7196262019878255,0.4210526315789473,1.129947453569848
900,skewproxy,2,"{""N"": 20, ""dir"": 1, ""exitRate"": 2e-05, ""maxHoldBars"": 30, ""maxRet"": 1.2, ""minRate"": 0.0001, ""minSkew"": 10000, ""stopPct"": 3, ""tpPct"": 4}",5.614057167574453,191,66,-6.050955350660905,0.3787878787878788,0.8175449613506576
900,skewproxy,3,"{""N"": 20, ""dir"": 1, ""exitRate"": 2e-05, ""maxHoldBars"": 30, ""maxRet"": 1.2, ""minRate"": 0.0001, ""minSkew"": 10000, ""stopPct"": 3, ""tpPct"": 4}",7.422609680738903,195,78,46.68096472564734,0.4743589743589743,1.5248951614918378
900,skewproxy,4,"{""N"": 20, ""dir"": 1, ""exitRate"": 2e-05, ""maxHoldBars"": 30, ""maxRet"": 1.2, ""minRate"": 0.0001, ""minSkew"": 10000, ""stopPct"": 3, ""tpPct"": 4}",38.743122636597,183,45,-18.890842156476754,0.3111111111111111,0.3764183444411069
900,supertrend,0,"{""adx_min"": 25, ""m"": 4, ""n"": 20}",-39.53849110251014,55,24,17.164884426718647,0.375,1.465647211194406
900,supertrend,1,"{""adx_min"": 25, ""m"": 4, ""n"": 20}",-31.67194219302196,64,26,-16.696199023347987,0.2692307692307692,0.6309087081583467
900,supertrend,2,"{""adx_min"": 25, ""m"": 4, ""n"": 20}",-19.332042914797977,64,13,-34.4898212827146,0.0769230769230769,0.0230648797255147
900,supertrend,3,"{""adx_min"": 25, ""m"": 4, ""n"": 20}",-46.1622122038518,56,20,-13.455490401521295,0.3,0.6475597927598332
900,supertrend,4,"{""adx_min"": 0, ""m"": 4, ""n"": 10}",19.77110502356257,151,54,-86.75899947379236,0.2222222222222222,0.3526457236117657
900,trend,0,"{""adx_min"": 25, ""breakout"": 55, ""fast"": 20, ""slow"": 50, ""stopAtr"": 4, ""tpR"": 3, ""trailAtr"": 0}",-36.03288136302088,194,87,39.099854696851175,0.4022988505747126,1.3127098758066658
900,trend,1,"{""adx_min"": 0, ""breakout"": 55, ""fast"": 20, ""slow"": 50, ""stopAtr"": 2, ""tpR"": 0, ""trailAtr"": 0}",119.14220946638926,219,75,-157.0096376965601,0.16,0.1643008286274488
900,trend,2,"{""adx_min"": 25, ""breakout"": 20, ""fast"": 50, ""slow"": 200, ""stopAtr"": 2, ""tpR"": 0, ""trailAtr"": 0}",54.80391338735804,125,39,-68.96410062467744,0.2051282051282051,0.2525890961820696
900,trend,3,"{""adx_min"": 25, ""breakout"": 20, ""fast"": 50, ""slow"": 200, ""stopAtr"": 3, ""tpR"": 3, ""trailAtr"": 0}",-38.34645805832406,159,61,9.328990539110617,0.3114754098360656,1.0650787390918168
900,trend,4,"{""adx_min"": 0, ""breakout"": 20, ""fast"": 50, ""slow"": 200, ""stopAtr"": 2, ""tpR"": 3, ""trailAtr"": 0}",-34.15908687121656,239,73,-99.3698997478692,0.1780821917808219,0.5411278921095192
900,tsmom,0,"{""H"": 48, ""L"": 168, ""stopAtr"": 6, ""trailAtr"": 0}",-25.782618206962127,96,30,75.29489700639371,0.4666666666666667,2.3736314848580884
900,tsmom,1,"{""H"": 48, ""L"": 168, ""stopAtr"": 3, ""trailAtr"": 0}",121.28293912554528,72,34,-30.829395910111188,0.3235294117647059,0.6956310806565273
900,tsmom,2,"{""H"": 48, ""L"": 12, ""stopAtr"": 3, ""trailAtr"": 0}",117.50058353635336,158,64,9.73377988025935,0.375,1.0580372963482574
900,tsmom,3,"{""H"": 48, ""L"": 500, ""stopAtr"": 3, ""trailAtr"": 0}",67.16091752996597,60,25,-7.043533704775728,0.24,0.9147842397782866
900,tsmom,4,"{""H"": 48, ""L"": 12, ""stopAtr"": 6, ""trailAtr"": 0}",36.79589706709036,153,58,-48.99553773735523,0.3103448275862069,0.6174904323139657
900,turtle,0,"{""n_in"": 55, ""n_out"": 20, ""stopN"": 3, ""trail"": ""chandelier""}",-85.34946116861752,292,105,-1.09565089445739,0.3714285714285714,0.9938267415094976
900,turtle,1,"{""n_in"": 100, ""n_out"": 50, ""stopN"": 2, ""trail"": ""none""}",4.742654997613368,95,43,-74.07312058767722,0.1860465116279069,0.4836935599970915
900,turtle,2,"{""n_in"": 100, ""n_out"": 50, ""stopN"": 2, ""trail"": ""none""}",-51.89825449905278,101,44,-103.33525834031536,0.1818181818181818,0.1927735614872404
900,turtle,3,"{""n_in"": 100, ""n_out"": 50, ""stopN"": 3, ""trail"": ""none""}",-98.6021284278593,112,36,10.843887226176893,0.2222222222222222,1.1046121139523548
900,turtle,4,"{""n_in"": 100, ""n_out"": 50, ""stopN"": 3, ""trail"": ""none""}",381.7264160844196,107,37,-82.14540567993774,0.1891891891891892,0.3142740900975688
1800,bbmr,0,"{""k"": 1.5, ""maxAdx"": 30, ""n"": 20, ""rsiLo"": 28, ""stopAtr"": 3, ""timeBars"": 48}",25.27635871246347,73,26,-26.354847041979664,0.3846153846153846,0.608918925090534
1800,bbmr,1,"{""k"": 1.5, ""maxAdx"": 30, ""n"": 20, ""rsiLo"": 28, ""stopAtr"": 3, ""timeBars"": 48}",36.43893637054466,76,31,-34.68602392847233,0.3548387096774194,0.6046176711171203
1800,bbmr,2,"{""k"": 1.5, ""maxAdx"": 20, ""n"": 20, ""rsiLo"": 28, ""stopAtr"": 3, ""timeBars"": 12}",-8.603151987766303,16,3,-1.344908472849744,0.3333333333333333,0.5867125228824243
1800,bbmr,3,"{""k"": 1.5, ""maxAdx"": 20, ""n"": 20, ""rsiLo"": 28, ""stopAtr"": 1.5, ""timeBars"": 12}",-0.5488837431240903,12,5,13.603978373606964,0.8,3.780803354270363
1800,bbmr,4,"{""k"": 1.5, ""maxAdx"": 20, ""n"": 20, ""rsiLo"": 28, ""stopAtr"": 1.5, ""timeBars"": 12}",3.94124047240508,11,9,-11.603490288358978,0.2222222222222222,0.389953097720069
1800,keltner,0,"{""adx_min"": 25, ""m"": 3, ""n"": 20, ""stopAtr"": 3, ""tpR"": 0, ""trailAtr"": 0}",-8.127422827873563,69,24,-2.356152194701881,0.4166666666666667,0.9442994982241442
1800,keltner,1,"{""adx_min"": 25, ""m"": 1.5, ""n"": 20, ""stopAtr"": 2, ""tpR"": 3, ""trailAtr"": 3}",29.28029514383607,202,58,-119.43243153257974,0.1551724137931034,0.2158461573565392
1800,keltner,2,"{""adx_min"": 0, ""m"": 3, ""n"": 20, ""stopAtr"": 3, ""tpR"": 3, ""trailAtr"": 0}",70.58635830867577,89,30,-43.62728575368724,0.1333333333333333,0.2996183803394955
1800,keltner,3,"{""adx_min"": 0, ""m"": 3, ""n"": 20, ""stopAtr"": 3, ""tpR"": 3, ""trailAtr"": 0}",0.8289597304755736,78,26,8.28140999883058,0.3461538461538461,1.1321515930416295
1800,keltner,4,"{""adx_min"": 25, ""m"": 2, ""n"": 50, ""stopAtr"": 3, ""tpR"": 0, ""trailAtr"": 0}",205.12901240088692,115,42,-65.5343890012,0.1904761904761904,0.3408323648722146
1800,macd,0,"{""stopAtr"": 5, ""tpR"": 3, ""trail"": ""chandelier"", ""trendN"": 50}",-31.147569730713776,193,83,-11.177472668027171,0.3253012048192771,0.843620748969827
1800,macd,1,"{""stopAtr"": 5, ""tpR"": 3, ""trail"": ""none"", ""trendN"": 200}",-12.06002579582684,198,78,-27.91638648892894,0.2692307692307692,0.658886094711639
1800,macd,2,"{""stopAtr"": 5, ""tpR"": 3, ""trail"": ""none"", ""trendN"": 50}",-21.041838578668063,210,79,-47.77978662981937,0.2658227848101265,0.3966227784842134
1800,macd,3,"{""stopAtr"": 2, ""tpR"": 3, ""trail"": ""chandelier"", ""trendN"": 200}",-47.391281849981866,184,90,26.98267177046765,0.2888888888888888,1.1990229881881953
1800,macd,4,"{""stopAtr"": 2, ""tpR"": 3, ""trail"": ""chandelier"", ""trendN"": 200}",-48.84548306644516,198,68,-73.76730142576893,0.1617647058823529,0.4108487594285827
1800,macross,0,"{""fast"": 20, ""long_only"": 0, ""slow"": 100, ""stopAtr"": 5, ""trail"": ""chandelier""}",4.340873939990154,73,22,4.932411809963929,0.2272727272727272,1.1901005851523714
1800,macross,1,"{""fast"": 20, ""long_only"": 1, ""slow"": 100, ""stopAtr"": 3, ""trail"": ""chandelier""}",6.636792426371354,36,14,-7.406688333284588,0.2857142857142857,0.6368865835853427
1800,macross,2,"{""fast"": 20, ""long_only"": 0, ""slow"": 100, ""stopAtr"": 3, ""trail"": ""none""}",38.32709025173667,67,28,-24.07254483841116,0.25,0.7131410819123906
1800,macross,3,"{""fast"": 50, ""long_only"": 0, ""slow"": 200, ""stopAtr"": 3, ""trail"": ""none""}",10.851383784082117,30,11,62.90066024908764,0.3636363636363636,2.74292390535149
1800,macross,4,"{""fast"": 20, ""long_only"": 1, ""slow"": 100, ""stopAtr"": 3, ""trail"": ""none""}",118.8749973005088,34,12,-29.014160378718707,0.1666666666666666,0.0948689455228654
1800,orb,0,"{""rangeH"": 4, ""stopMode"": ""mid"", ""tpR"": 2}",-34.85157455408971,110,44,9.737871387768395,0.4318181818181818,1.0901295690046635
1800,orb,1,"{""rangeH"": 4, ""stopMode"": ""mid"", ""tpR"": 2}",0.4656314506895684,111,43,-0.1252095755836262,0.4186046511627907,0.9987789925411644
1800,orb,2,"{""rangeH"": 8, ""stopMode"": ""range"", ""tpR"": 2}",9.329019603783388,111,41,12.625288045910532,0.4634146341463415,1.2075416915711652
1800,orb,3,"{""rangeH"": 8, ""stopMode"": ""range"", ""tpR"": 2}",10.835533378900616,109,25,-14.434977427115449,0.32,0.686428801973161
1800,orb,4,"{""rangeH"": 8, ""stopMode"": ""range"", ""tpR"": 0}",10.290020178129929,92,35,-22.703794236160807,0.3714285714285714,0.5894371291211109
1800,rsi2,0,"{""lo"": 5, ""stopAtr"": 5, ""timeBars"": 5, ""trendN"": 100}",-39.46895971554852,172,53,-11.321726825904111,0.490566037735849,0.5063197379955897
1800,rsi2,1,"{""lo"": 5, ""stopAtr"": 5, ""timeBars"": 10, ""trendN"": 100}",-31.51217109258127,158,53,1.1015151429419132,0.5660377358490566,1.094406183600198
1800,rsi2,2,"{""lo"": 5, ""stopAtr"": 5, ""timeBars"": 10, ""trendN"": 100}",-3.1530090694617265,145,70,-2.8971688715415165,0.5,0.8784409703741682
1800,rsi2,3,"{""lo"": 5, ""stopAtr"": 5, ""timeBars"": 10, ""trendN"": 100}",-4.828482743363784,153,32,-11.04980806975226,0.53125,0.422404327936558
1800,rsi2,4,"{""lo"": 5, ""stopAtr"": 5, ""timeBars"": 10, ""trendN"": 100}",-10.543364164437683,137,54,-15.996654981878534,0.4814814814814814,0.4489990126004528
1800,skewproxy,0,"{""N"": 10, ""dir"": 1, ""exitRate"": 2e-05, ""maxHoldBars"": 8, ""maxRet"": 1.2, ""minRate"": 0.0001, ""minSkew"": 10000, ""stopPct"": 1.5, ""tpPct"": 2}",6.042351022023054,317,106,-42.757227292321744,0.3867924528301887,0.7128445769624011
1800,skewproxy,1,"{""N"": 10, ""dir"": 1, ""exitRate"": 2e-05, ""maxHoldBars"": 30, ""maxRet"": 1.2, ""minRate"": 0.0001, ""minSkew"": 10000, ""stopPct"": 1.5, ""tpPct"": 2}",11.398790329078054,297,116,-56.00035983148516,0.3620689655172414,0.6642574244170688
1800,skewproxy,2,"{""N"": 20, ""dir"": -1, ""exitRate"": 2e-05, ""maxHoldBars"": 30, ""maxRet"": 1.2, ""minRate"": 0.0001, ""minSkew"": 10000, ""stopPct"": 3, ""tpPct"": 2}",0.8721911714517967,107,41,-1.5306421297441304,0.5853658536585366,0.9423491289822916
1800,skewproxy,3,"{""N"": 20, ""dir"": -1, ""exitRate"": 2e-05, ""maxHoldBars"": 30, ""maxRet"": 1.2, ""minRate"": 0.0001, ""minSkew"": 10000, ""stopPct"": 3, ""tpPct"": 1}",2.242434957056542,132,50,-19.12562212903542,0.64,0.6125650206826871
1800,skewproxy,4,"{""N"": 20, ""dir"": -1, ""exitRate"": 2e-05, ""maxHoldBars"": 30, ""maxRet"": 1.2, ""minRate"": 0.0001, ""minSkew"": 10000, ""stopPct"": 3, ""tpPct"": 2}",-2.034900210060065,116,29,-4.084217056493929,0.4827586206896552,0.7555754770415853
1800,supertrend,0,"{""adx_min"": 25, ""m"": 4, ""n"": 10}",30.50684085513276,25,9,-13.079285357270312,0.3333333333333333,0.4030922604125543
1800,supertrend,1,"{""adx_min"": 25, ""m"": 3, ""n"": 20}",36.598614630032245,41,17,1.6126577858437563,0.2941176470588235,1.066933459132958
1800,supertrend,2,"{""adx_min"": 25, ""m"": 3, ""n"": 10}",20.85142136900813,38,14,-9.72288004277864,0.3571428571428571,0.5617271303439133
1800,supertrend,3,"{""adx_min"": 25, ""m"": 3, ""n"": 20}",5.695137955788817,40,15,34.19379694064856,0.3333333333333333,2.050670730817111
1800,supertrend,4,"{""adx_min"": 0, ""m"": 4, ""n"": 20}",132.3064079068924,72,26,-22.9122698347266,0.2692307692307692,0.527258598816745
1800,trend,0,"{""adx_min"": 25, ""breakout"": 55, ""fast"": 9, ""slow"": 21, ""stopAtr"": 3, ""tpR"": 3, ""trailAtr"": 0}",44.63254421944744,136,48,51.38751006206398,0.4166666666666667,1.9555307459414504
1800,trend,1,"{""adx_min"": 0, ""breakout"": 55, ""fast"": 9, ""slow"": 21, ""stopAtr"": 3, ""tpR"": 3, ""trailAtr"": 0}",88.24804160294968,206,70,-52.14346159659713,0.2142857142857142,0.5586431823185514
1800,trend,2,"{""adx_min"": 0, ""breakout"": 55, ""fast"": 20, ""slow"": 50, ""stopAtr"": 4, ""tpR"": 3, ""trailAtr"": 0}",25.013176703935294,181,59,-42.90957435968816,0.2711864406779661,0.4227775332143579
1800,trend,3,"{""adx_min"": 25, ""breakout"": 20, ""fast"": 50, ""slow"": 200, ""stopAtr"": 4, ""tpR"": 3, ""trailAtr"": 0}",-24.52628070736259,76,25,13.204839327283432,0.32,1.319809198070607
1800,trend,4,"{""adx_min"": 25, ""breakout"": 20, ""fast"": 50, ""slow"": 200, ""stopAtr"": 2, ""tpR"": 0, ""trailAtr"": 0}",97.94251394174118,67,20,-26.59606655366276,0.15,0.5285152680334814
1800,tsmom,0,"{""H"": 48, ""L"": 12, ""stopAtr"": 3, ""trailAtr"": 4}",52.042126153355504,94,36,-42.64091871718967,0.3333333333333333,0.4936836178902088
1800,tsmom,1,"{""H"": 48, ""L"": 500, ""stopAtr"": 6, ""trailAtr"": 0}",52.304354411611975,35,25,-87.55803081287198,0.08,0.0147437618219493
1800,tsmom,2,"{""H"": 48, ""L"": 12, ""stopAtr"": 3, ""trailAtr"": 4}",27.925857178058667,104,34,-34.26493442545688,0.3235294117647059,0.6093600416434167
1800,tsmom,3,"{""H"": 48, ""L"": 168, ""stopAtr"": 3, ""trailAtr"": 0}",131.44188645662598,46,20,428.2943548995425,0.55,9.180299809667584
1800,tsmom,4,"{""H"": 48, ""L"": 168, ""stopAtr"": 3, ""trailAtr"": 0}",524.9198335909731,50,22,-23.83262444473227,0.2727272727272727,0.6733401812882834
1800,turtle,0,"{""n_in"": 100, ""n_out"": 50, ""stopN"": 2, ""trail"": ""chandelier""}",121.47204194445489,103,51,37.91868454647424,0.4313725490196078,1.3269397664229583
1800,turtle,1,"{""n_in"": 55, ""n_out"": 20, ""stopN"": 2, ""trail"": ""none""}",127.1477947198804,102,46,-65.3131015611927,0.2391304347826087,0.5136444293426039
1800,turtle,2,"{""n_in"": 55, ""n_out"": 20, ""stopN"": 2, ""trail"": ""none""}",2.251165087792776,97,38,-80.97892136161309,0.2368421052631578,0.243838563942791
1800,turtle,3,"{""n_in"": 20, ""n_out"": 10, ""stopN"": 2, ""trail"": ""chandelier""}",-29.17469628426054,218,81,3.2701627923715115,0.345679012345679,1.0160851326313685
1800,turtle,4,"{""n_in"": 100, ""n_out"": 50, ""stopN"": 2, ""trail"": ""none""}",-6.659507846353666,72,26,-62.90463466487974,0.1538461538461538,0.3536745909892853
3600,bbmr,0,"{""k"": 1.5, ""maxAdx"": 20, ""n"": 20, ""rsiLo"": 28, ""stopAtr"": 1.5, ""timeBars"": 48}",66.4898323384687,11,4,-19.158219985047065,0.0,0.0
3600,bbmr,1,"{""k"": 2.5, ""maxAdx"": 100, ""n"": 20, ""rsiLo"": 28, ""stopAtr"": 1.5, ""timeBars"": 48}",58.22085915034295,58,19,-42.48187934637701,0.2105263157894736,0.3943112534606216
3600,bbmr,2,"{""k"": 2.5, ""maxAdx"": 30, ""n"": 20, ""rsiLo"": 28, ""stopAtr"": 1.5, ""timeBars"": 48}",36.892097259454886,26,9,-37.700353324960965,0.0,0.0
3600,bbmr,3,"{""k"": 2.0, ""maxAdx"": 20, ""n"": 20, ""rsiLo"": 28, ""stopAtr"": 3, ""timeBars"": 48}",-9.405877502079369,9,3,-14.7444806151088,0.0,0.0
3600,bbmr,4,"{""k"": 2.0, ""maxAdx"": 20, ""n"": 20, ""rsiLo"": 28, ""stopAtr"": 3, ""timeBars"": 12}",-14.38760207722726,8,4,-2.420871710946398,0.5,0.7558755945805028
3600,bbmr,5,"{""k"": 2.0, ""maxAdx"": 20, ""n"": 20, ""rsiLo"": 40, ""stopAtr"": 1.5, ""timeBars"": 48}",10.601422734732104,96,37,-21.060579523541627,0.4324324324324324,0.7975085476346278
3600,bbmr,6,"{""k"": 1.5, ""maxAdx"": 20, ""n"": 20, ""rsiLo"": 40, ""stopAtr"": 1.5, ""timeBars"": 48}",52.147840885432366,141,60,-26.757904805364312,0.5333333333333333,0.7977341576286704
3600,bbmr,7,"{""k"": 1.5, ""maxAdx"": 20, ""n"": 20, ""rsiLo"": 40, ""stopAtr"": 1.5, ""timeBars"": 48}",14.072527278881251,163,45,-65.42700344135662,0.3333333333333333,0.5203355374395885
3600,keltner,0,"{""adx_min"": 0, ""m"": 2, ""n"": 50, ""stopAtr"": 2, ""tpR"": 0, ""trailAtr"": 3}",386.9830770704043,132,44,18.816559492389604,0.2727272727272727,1.1630489358943237
3600,keltner,1,"{""adx_min"": 0, ""m"": 1.5, ""n"": 50, ""stopAtr"": 3, ""tpR"": 3, ""trailAtr"": 0}",126.5228515470566,186,60,-0.7322672341905685,0.35,0.9937819513028936
3600,keltner,2,"{""adx_min"": 0, ""m"": 2, ""n"": 50, ""stopAtr"": 2, ""tpR"": 0, ""trailAtr"": 0}",446.4656875324518,121,45,-45.48951691785893,0.2888888888888888,0.6354158176485339
3600,keltner,3,"{""adx_min"": 25, ""m"": 2, ""n"": 50, ""stopAtr"": 2, ""tpR"": 0, ""trailAtr"": 0}",395.6083680679228,99,41,-96.07224406006011,0.1707317073170731,0.2355267170524631
3600,keltner,4,"{""adx_min"": 0, ""m"": 2, ""n"": 50, ""stopAtr"": 2, ""tpR"": 0, ""trailAtr"": 0}",341.54610197631973,122,42,59.23816286211998,0.3095238095238095,1.53514475266327
3600,keltner,5,"{""adx_min"": 25, ""m"": 2, ""n"": 50, ""stopAtr"": 3, ""tpR"": 0, ""trailAtr"": 0}",-19.19722525238399,107,34,-11.876211995485823,0.3529411764705882,0.8163187703255639
3600,keltner,6,"{""adx_min"": 0, ""m"": 2, ""n"": 20, ""stopAtr"": 2, ""tpR"": 3, ""trailAtr"": 3}",-15.800056830191174,173,55,-41.02142431698034,0.2363636363636363,0.7013519235678375
3600,keltner,7,"{""adx_min"": 0, ""m"": 1.5, ""n"": 50, ""stopAtr"": 2, ""tpR"": 0, ""trailAtr"": 3}",290.3905964455068,179,68,-0.9926390492286216,0.3970588235294117,0.9939023902587556
3600,macd,0,"{""stopAtr"": 2, ""tpR"": 0, ""trail"": ""none"", ""trendN"": 50}",87.8401033541862,163,64,-61.57659896877115,0.21875,0.496886815934547
3600,macd,1,"{""stopAtr"": 5, ""tpR"": 3, ""trail"": ""none"", ""trendN"": 200}",-0.6151782762417507,110,35,9.743550629495582,0.3428571428571428,1.266195276768412
3600,macd,2,"{""stopAtr"": 5, ""tpR"": 3, ""trail"": ""none"", ""trendN"": 50}",-7.799602985909213,140,58,16.730826075126288,0.3448275862068966,1.3333046073495896
3600,macd,3,"{""stopAtr"": 5, ""tpR"": 3, ""trail"": ""none"", ""trendN"": 50}",17.716650827811186,159,45,0.9891398161557332,0.3111111111111111,1.0272226799136228
3600,macd,4,"{""stopAtr"": 5, ""tpR"": 3, ""trail"": ""none"", ""trendN"": 50}",31.88567182254497,138,64,-21.69450700479124,0.328125,0.6903115630611946
3600,macd,5,"{""stopAtr"": 2, ""tpR"": 3, ""trail"": ""none"", ""trendN"": 50}",17.11220889065797,176,53,1.7440922983194445,0.3584905660377358,1.0174488498868095
3600,macd,6,"{""stopAtr"": 2, ""tpR"": 3, ""trail"": ""none"", ""trendN"": 50}",13.699965074623172,172,53,-5.492602991858961,0.3773584905660377,0.9367086303454026
3600,macd,7,"{""stopAtr"": 2, ""tpR"": 3, ""trail"": ""none"", ""trendN"": 200}",-0.1064973181953448,150,49,-46.6889327174657,0.2448979591836734,0.5213379688363743
3600,macross,0,"{""fast"": 20, ""long_only"": 1, ""slow"": 100, ""stopAtr"": 5, ""trail"": ""none""}",709.7622245919866,12,7,23.18878038911236,0.4285714285714285,3.1547808965140307
3600,macross,1,"{""fast"": 20, ""long_only"": 0, ""slow"": 100, ""stopAtr"": 3, ""trail"": ""chandelier""}",48.42364189311871,55,19,-16.21935681092667,0.2631578947368421,0.5055138526799967
3600,macross,2,"{""fast"": 20, ""long_only"": 1, ""slow"": 100, ""stopAtr"": 3, ""trail"": ""none""}",173.79815413696662,29,10,1.936405979032859,0.3,1.066141805614795
3600,macross,3,"{""fast"": 20, ""long_only"": 1, ""slow"": 100, ""stopAtr"": 3, ""trail"": ""none""}",202.63011245464585,28,8,-16.399421496304676,0.25,0.2931312041651982
3600,macross,4,"{""fast"": 20, ""long_only"": 1, ""slow"": 100, ""stopAtr"": 3, ""trail"": ""none""}",129.33265911271283,28,8,-10.333278378063294,0.25,0.4981503515053156
3600,macross,5,"{""fast"": 50, ""long_only"": 0, ""slow"": 200, ""stopAtr"": 3, ""trail"": ""chandelier""}",8.775670612329778,33,11,4.32239067632567,0.3636363636363636,1.3130540829697197
3600,macross,6,"{""fast"": 20, ""long_only"": 1, ""slow"": 100, ""stopAtr"": 5, ""trail"": ""chandelier""}",5.701249352275028,24,8,-0.0695426147971689,0.375,0.98517108082934
3600,macross,7,"{""fast"": 20, ""long_only"": 1, ""slow"": 100, ""stopAtr"": 3, ""trail"": ""none""}",36.36106040962163,26,7,4.290971278131643,0.2857142857142857,1.2172901247533543
3600,orb,0,"{""rangeH"": 1, ""stopMode"": ""mid"", ""tpR"": 0}",22.61625584598651,145,47,-44.82116746548617,0.2765957446808511,0.6949679989693611
3600,orb,1,"{""rangeH"": 2, ""stopMode"": ""mid"", ""tpR"": 0}",-33.027942074597405,153,53,71.96626886351041,0.3962264150943396,1.4498478059527722
3600,orb,2,"{""rangeH"": 2, ""stopMode"": ""mid"", ""tpR"": 0}",6.868063591060604,149,46,-79.05773887172016,0.2391304347826087,0.4329210440332744
3600,orb,3,"{""rangeH"": 8, ""stopMode"": ""mid"", ""tpR"": 0}",-26.922294421245255,142,47,-51.78481863432141,0.2978723404255319,0.5748757650966596
3600,orb,4,"{""rangeH"": 4, ""stopMode"": ""mid"", ""tpR"": 2}",-25.571759699114672,160,55,-17.607056688346052,0.3818181818181818,0.8741150875704589
3600,orb,5,"{""rangeH"": 4, ""stopMode"": ""mid"", ""tpR"": 2}",-37.863062003530686,165,58,34.84412287779845,0.4482758620689655,1.2486678883880291
3600,orb,6,"{""rangeH"": 4, ""stopMode"": ""mid"", ""tpR"": 2}",35.753884448522896,170,55,-32.012727165940234,0.3454545454545454,0.77986778428713
3600,orb,7,"{""rangeH"": 8, ""stopMode"": ""mid"", ""tpR"": 0}",19.896671581092747,150,42,-26.828185382805845,0.4523809523809524,0.7066114095280065
3600,rsi2,0,"{""lo"": 20, ""stopAtr"": 5, ""timeBars"": 20, ""trendN"": 200}",-7.599919423536054,194,158,-13.63277310007638,0.5759493670886076,0.7686389185562742
3600,rsi2,1,"{""lo"": 5, ""stopAtr"": 5, ""timeBars"": 20, ""trendN"": 100}",-8.955375039190177,48,26,-17.6876412285144,0.3076923076923077,0.1913277898922426
3600,rsi2,2,"{""lo"": 5, ""stopAtr"": 5, ""timeBars"": 20, ""trendN"": 100}",-21.42676599782142,64,31,-8.251728432507921,0.4838709677419355,0.5445478418272136
3600,rsi2,3,"{""lo"": 5, ""stopAtr"": 5, ""timeBars"": 10, ""trendN"": 100}",-26.69378776359889,78,35,-1.5305707656088094,0.5714285714285714,0.9248122343229148
3600,rsi2,4,"{""lo"": 5, ""stopAtr"": 5, ""timeBars"": 10, ""trendN"": 200}",-25.98268171789375,107,48,-7.190626661200388,0.625,0.7202012018117787
3600,rsi2,5,"{""lo"": 5, ""stopAtr"": 3, ""timeBars"": 10, ""trendN"": 100}",6.952868345996353,116,40,-19.271298583854485,0.55,0.5048170816657066
3600,rsi2,6,"{""lo"": 5, ""stopAtr"": 3, ""timeBars"": 10, ""trendN"": 100}",-2.895724543056107,126,36,-9.406386611792229,0.5,0.5341667983597382
3600,rsi2,7,"{""lo"": 5, ""stopAtr"": 5, ""timeBars"": 5, ""trendN"": 100}",-8.66908499578719,108,17,-3.463748758874531,0.4705882352941176,0.4632712108218502
3600,skewproxy,0,"{""N"": 20, ""dir"": 1, ""exitRate"": 2e-05, ""maxHoldBars"": 30, ""maxRet"": 1.2, ""minRate"": 0.0001, ""minSkew"": 10000, ""stopPct"": 1.5, ""tpPct"": 4}",70.05909375951094,65,14,27.89540690148852,0.5,2.223584097332928
3600,skewproxy,1,"{""N"": 20, ""dir"": 1, ""exitRate"": 2e-05, ""maxHoldBars"": 30, ""maxRet"": 1.2, ""minRate"": 0.0001, ""minSkew"": 10000, ""stopPct"": 1.5, ""tpPct"": 4}",75.1311884697713,52,39,3.710228087119152,0.3333333333333333,1.0468816061903128
3600,skewproxy,2,"{""N"": 20, ""dir"": 1, ""exitRate"": 2e-05, ""maxHoldBars"": 30, ""maxRet"": 1.2, ""minRate"": 0.0001, ""minSkew"": 10000, ""stopPct"": 3, ""tpPct"": 4}",65.73802083990013,73,21,-31.844268703948245,0.1904761904761904,0.1997006115987868
3600,skewproxy,3,"{""N"": 20, ""dir"": 1, ""exitRate"": 2e-05, ""maxHoldBars"": 8, ""maxRet"": 1.2, ""minRate"": 0.0001, ""minSkew"": 10000, ""stopPct"": 3, ""tpPct"": 4}",0.7752535178596336,82,27,-22.539716825086803,0.4074074074074074,0.4115978177467728
3600,skewproxy,4,"{""N"": 20, ""dir"": -1, ""exitRate"": 2e-05, ""maxHoldBars"": 30, ""maxRet"": 1.2, ""minRate"": 0.0001, ""minSkew"": 10000, ""stopPct"": 3, ""tpPct"": 1}",-4.998290750533355,104,29,7.84148534340342,0.8275862068965517,1.4973536680602637
3600,skewproxy,5,"{""N"": 20, ""dir"": -1, ""exitRate"": 2e-05, ""maxHoldBars"": 30, ""maxRet"": 1.2, ""minRate"": 0.0001, ""minSkew"": 10000, ""stopPct"": 3, ""tpPct"": 4}",51.30090514477429,76,35,16.48676802789078,0.6285714285714286,1.3931037368135863
3600,skewproxy,6,"{""N"": 20, ""dir"": -1, ""exitRate"": 2e-05, ""maxHoldBars"": 30, ""maxRet"": 1.2, ""minRate"": 0.0001, ""minSkew"": 10000, ""stopPct"": 3, ""tpPct"": 4}",45.677933613263136,87,25,0.3186039475678952,0.56,1.0166198225222638
3600,skewproxy,7,"{""N"": 20, ""dir"": -1, ""exitRate"": 2e-05, ""maxHoldBars"": 30, ""maxRet"": 1.2, ""minRate"": 0.0001, ""minSkew"": 10000, ""stopPct"": 3, ""tpPct"": 1}",33.75772820567723,114,21,-4.568353079858987,0.7142857142857143,0.761695423520558
3600,supertrend,0,"{""adx_min"": 0, ""m"": 3, ""n"": 20}",83.8410446820463,65,27,4.269129042887538,0.4074074074074074,1.0943025728594222
3600,supertrend,1,"{""adx_min"": 0, ""m"": 3, ""n"": 20}",76.04644766611162,73,25,93.48178285659029,0.52,3.365526346603243
3600,supertrend,2,"{""adx_min"": 0, ""m"": 3, ""n"": 10}",251.6859218465348,70,34,4.168905317624553,0.3823529411764705,1.0682141410541146
3600,supertrend,3,"{""adx_min"": 0, ""m"": 3, ""n"": 10}",215.56107373459653,83,37,-29.60254495877084,0.2702702702702703,0.5870751946572349
3600,supertrend,4,"{""adx_min"": 0, ""m"": 3, ""n"": 10}",204.04966239450675,88,33,17.015473960090564,0.4242424242424242,1.270984798999988
3600,supertrend,5,"{""adx_min"": 25, ""m"": 4, ""n"": 20}",31.82625236550651,16,14,-24.565573551116763,0.2142857142857142,0.3217031743671977
3600,supertrend,6,"{""adx_min"": 25, ""m"": 2, ""n"": 20}",41.39323542733846,70,23,-1.982829493922452,0.391304347826087,0.9471257195569854
3600,supertrend,7,"{""adx_min"": 0, ""m"": 3, ""n"": 10}",122.89151622110076,103,19,-12.232108270991503,0.2631578947368421,0.6332794996275026
3600,trend,0,"{""adx_min"": 0, ""breakout"": 20, ""fast"": 20, ""slow"": 50, ""stopAtr"": 2, ""tpR"": 0, ""trailAtr"": 0}",308.36130507056805,150,50,-14.718536893475152,0.34,0.8689510631042001
3600,trend,1,"{""adx_min"": 0, ""breakout"": 10, ""fast"": 50, ""slow"": 200, ""stopAtr"": 4, ""tpR"": 3, ""trailAtr"": 3}",81.89294394135464,131,48,65.07116010270279,0.375,2.233184554894173
3600,trend,2,"{""adx_min"": 0, ""breakout"": 10, ""fast"": 50, ""slow"": 200, ""stopAtr"": 2, ""tpR"": 0, ""trailAtr"": 0}",297.92211804825394,128,51,-47.82048454451768,0.2745098039215686,0.6074579208563013
3600,trend,3,"{""adx_min"": 25, ""breakout"": 20, ""fast"": 50, ""slow"": 200, ""stopAtr"": 2, ""tpR"": 0, ""trailAtr"": 0}",238.0015623151305,58,24,-43.00818179490925,0.2083333333333333,0.4020808565335553
3600,trend,4,"{""adx_min"": 0, ""breakout"": 55, ""fast"": 50, ""slow"": 200, ""stopAtr"": 2, ""tpR"": 0, ""trailAtr"": 0}",204.04948972057517,75,26,14.367340214672584,0.3076923076923077,1.171476851526359
3600,trend,5,"{""adx_min"": 0, ""breakout"": 55, ""fast"": 50, ""slow"": 200, ""stopAtr"": 4, ""tpR"": 3, ""trailAtr"": 0}",20.956079653826126,81,25,-54.18889726686195,0.16,0.0686284815158981
3600,trend,6,"{""adx_min"": 0, ""breakout"": 55, ""fast"": 9, ""slow"": 21, ""stopAtr"": 3, ""tpR"": 3, ""trailAtr"": 3}",2.5289962129037846,155,50,-46.84342668965916,0.3,0.2373072703771262
3600,trend,7,"{""adx_min"": 0, ""breakout"": 10, ""fast"": 50, ""slow"": 200, ""stopAtr"": 2, ""tpR"": 0, ""trailAtr"": 0}",212.71367660341497,114,39,-80.26262674896532,0.2051282051282051,0.1930098444168159
3600,tsmom,0,"{""H"": 12, ""L"": 168, ""stopAtr"": 6, ""trailAtr"": 0}",685.4779934966624,43,24,-13.256639585549411,0.3333333333333333,0.7207202377756828
3600,tsmom,1,"{""H"": 12, ""L"": 48, ""stopAtr"": 3, ""trailAtr"": 0}",141.60993727432344,136,39,225.09351681243933,0.2051282051282051,3.1429580337350305
3600,tsmom,2,"{""H"": 12, ""L"": 48, ""stopAtr"": 3, ""trailAtr"": 0}",508.1519725677428,131,48,-39.59005095261901,0.3541666666666667,0.642036153167929
3600,tsmom,3,"{""H"": 12, ""L"": 48, ""stopAtr"": 3, ""trailAtr"": 0}",446.8841593475439,127,50,-34.71455834780866,0.38,0.7058012996965799
3600,tsmom,4,"{""H"": 12, ""L"": 168, ""stopAtr"": 3, ""trailAtr"": 4}",217.0622294797546,141,49,40.19716274397449,0.3877551020408163,1.3621661031558607
3600,tsmom,5,"{""H"": 12, ""L"": 168, ""stopAtr"": 3, ""trailAtr"": 0}",58.20339401942205,81,42,-72.19471770868873,0.2619047619047619,0.3991429192276025
3600,tsmom,6,"{""H"": 48, ""L"": 48, ""stopAtr"": 6, ""trailAtr"": 4}",23.751028713704205,59,25,72.87856381798287,0.56,4.068461088049298
3600,tsmom,7,"{""H"": 12, ""L"": 168, ""stopAtr"": 3, ""trailAtr"": 0}",205.768051844936,102,23,-32.61373647176153,0.2608695652173913,0.4875982284942453
3600,turtle,0,"{""n_in"": 20, ""n_out"": 10, ""stopN"": 2, ""trail"": ""none""}",424.03710264884126,156,47,7.793038017929646,0.2765957446808511,1.0661351277749702
3600,turtle,1,"{""n_in"": 20, ""n_out"": 10, ""stopN"": 2, ""trail"": ""none""}",63.44948018357445,162,54,653.2592315586039,0.3888888888888889,4.445422638275336
3600,turtle,2,"{""n_in"": 20, ""n_out"": 10, ""stopN"": 2, ""trail"": ""none""}",651.4081291869282,164,53,-113.56377190900798,0.1698113207547169,0.2248599277893777
3600,turtle,3,"{""n_in"": 20, ""n_out"": 10, ""stopN"": 2, ""trail"": ""none""}",380.8178972809925,150,59,4.653743890908579,0.3050847457627119,1.0309861311240145
3600,turtle,4,"{""n_in"": 20, ""n_out"": 10, ""stopN"": 2, ""trail"": ""none""}",441.19307714800334,167,54,17.684011496229953,0.2592592592592592,1.114835810160255
3600,turtle,5,"{""n_in"": 55, ""n_out"": 20, ""stopN"": 2, ""trail"": ""none""}",-16.148402574832126,97,35,-55.59412124107824,0.2571428571428571,0.4800023057949204
3600,turtle,6,"{""n_in"": 20, ""n_out"": 10, ""stopN"": 3, ""trail"": ""chandelier""}",48.731056039585866,219,62,-53.30801343682524,0.2903225806451613,0.4905714585626441
3600,turtle,7,"{""n_in"": 20, ""n_out"": 10, ""stopN"": 2, ""trail"": ""none""}",239.79691435331452,157,51,-78.88478669509088,0.2156862745098039,0.514391151166267
14400,bbmr,0,"{""k"": 2.0, ""maxAdx"": 20, ""n"": 20, ""rsiLo"": 40, ""stopAtr"": 1.5, ""timeBars"": 48}",5.886117510030758,30,6,-19.267839461421055,0.1666666666666666,0.2117652495120825
14400,bbmr,1,"{""k"": 2.5, ""maxAdx"": 100, ""n"": 20, ""rsiLo"": 40, ""stopAtr"": 1.5, ""timeBars"": 48}",26.56279108590546,39,16,-20.758967331927856,0.25,0.6475904063730451
14400,bbmr,2,"{""k"": 2.5, ""maxAdx"": 30, ""n"": 20, ""rsiLo"": 35, ""stopAtr"": 1.5, ""timeBars"": 12}",8.943287556511931,17,10,-23.71536596087638,0.2,0.3154250890342501
14400,bbmr,3,"{""k"": 2.0, ""maxAdx"": 30, ""n"": 20, ""rsiLo"": 28, ""stopAtr"": 1.5, ""timeBars"": 12}",14.356286925526687,11,6,29.849823157107856,0.8333333333333334,7.054478996752114
14400,bbmr,4,"{""k"": 2.5, ""maxAdx"": 100, ""n"": 20, ""rsiLo"": 28, ""stopAtr"": 1.5, ""timeBars"": 12}",47.32611020359997,20,6,27.481860490342434,0.6666666666666666,3.789140856482028
14400,bbmr,5,"{""k"": 2.0, ""maxAdx"": 100, ""n"": 20, ""rsiLo"": 28, ""stopAtr"": 1.5, ""timeBars"": 12}",91.83995584582486,31,12,-12.003210854223186,0.3333333333333333,0.6888886853285353
14400,bbmr,6,"{""k"": 1.5, ""maxAdx"": 30, ""n"": 20, ""rsiLo"": 28, ""stopAtr"": 1.5, ""timeBars"": 12}",75.49387070899104,19,5,-24.38817130604765,0.0,0.0
14400,bbmr,7,"{""k"": 2.0, ""maxAdx"": 100, ""n"": 20, ""rsiLo"": 28, ""stopAtr"": 3, ""timeBars"": 12}",28.15616537194237,22,0,0.0,,
14400,keltner,0,"{""adx_min"": 0, ""m"": 1.5, ""n"": 20, ""stopAtr"": 3, ""tpR"": 0, ""trailAtr"": 3}",979.2530974055328,14,15,2.3565771890234406,0.3333333333333333,1.0883935962058138
14400,keltner,1,"{""adx_min"": 0, ""m"": 1.5, ""n"": 20, ""stopAtr"": 2, ""tpR"": 3, ""trailAtr"": 3}",45.61391955655448,53,28,66.61295684046098,0.3571428571428571,2.041933499909152
14400,keltner,2,"{""adx_min"": 25, ""m"": 1.5, ""n"": 20, ""stopAtr"": 2, ""tpR"": 0, ""trailAtr"": 3}",230.38283344595413,32,19,-50.98407656055628,0.1052631578947368,0.0702294287410629
14400,keltner,3,"{""adx_min"": 25, ""m"": 1.5, ""n"": 20, ""stopAtr"": 2, ""tpR"": 0, ""trailAtr"": 3}",170.2022162242802,42,20,-7.309698190238079,0.4,0.8403175014052126
14400,keltner,4,"{""adx_min"": 0, ""m"": 1.5, ""n"": 20, ""stopAtr"": 3, ""tpR"": 0, ""trailAtr"": 3}",170.93661249018484,45,22,10.348585776512904,0.4090909090909091,1.3052605646463258
14400,keltner,5,"{""adx_min"": 0, ""m"": 2, ""n"": 50, ""stopAtr"": 3, ""tpR"": 3, ""trailAtr"": 0}",28.11931043589349,27,10,-26.487397791261845,0.2,0.0348076420958733
14400,keltner,6,"{""adx_min"": 0, ""m"": 1.5, ""n"": 20, ""stopAtr"": 3, ""tpR"": 3, ""trailAtr"": 3}",48.26182036382333,45,26,-7.003054037719208,0.3076923076923077,0.865228528724135
14400,keltner,7,"{""adx_min"": 0, ""m"": 3, ""n"": 50, ""stopAtr"": 2, ""tpR"": 0, ""trailAtr"": 0}",91.55306988361586,27,2,-6.763801806227402,0.0,0.0
14400,macd,0,"{""stopAtr"": 2, ""tpR"": 3, ""trail"": ""none"", ""trendN"": 200}",69.2873796217112,21,16,-22.417192134425765,0.25,0.392099821699284
14400,macd,1,"{""stopAtr"": 2, ""tpR"": 3, ""trail"": ""chandelier"", ""trendN"": 50}",31.96794172000294,36,12,1.2907302049753433,0.3333333333333333,1.068687082939708
14400,macd,2,"{""stopAtr"": 2, ""tpR"": 3, ""trail"": ""chandelier"", ""trendN"": 50}",8.095463573633817,41,13,-21.604796122380684,0.1538461538461538,0.1971392151293482
14400,macd,3,"{""stopAtr"": 3, ""tpR"": 0, ""trail"": ""chandelier"", ""trendN"": 200}",-13.561241388199672,33,5,7.739007329921854,0.4,2.8083799339159023
14400,macd,4,"{""stopAtr"": 2, ""tpR"": 3, ""trail"": ""chandelier"", ""trendN"": 200}",17.272958001980616,36,9,26.57414707830464,0.5555555555555556,4.167905288154712
14400,macd,5,"{""stopAtr"": 2, ""tpR"": 3, ""trail"": ""chandelier"", ""trendN"": 200}",40.61140246792409,37,15,-6.854798745580218,0.4666666666666667,0.7113629055039429
14400,macd,6,"{""stopAtr"": 3, ""tpR"": 3, ""trail"": ""none"", ""trendN"": 200}",48.93365567908119,20,14,-10.755158000562249,0.2142857142857142,0.6492610400307114
14400,macd,7,"{""stopAtr"": 2, ""tpR"": 0, ""trail"": ""none"", ""trendN"": 200}",46.03534894369498,38,10,-5.689963843844648,0.1,0.7321224630688223
14400,macross,0,"{""fast"": 10, ""long_only"": 0, ""slow"": 30, ""stopAtr"": 3, ""trail"": ""chandelier""}",0.2779883967336998,13,9,6.202055903058824,0.5555555555555556,1.693833499702225
14400,macross,1,"{""fast"": 10, ""long_only"": 0, ""slow"": 30, ""stopAtr"": 3, ""trail"": ""chandelier""}",2.250105920817779,16,10,-11.696209108240902,0.2,0.4371077365271121
14400,macross,2,"{""fast"": 20, ""long_only"": 0, ""slow"": 100, ""stopAtr"": 3, ""trail"": ""none""}",90.47790754340538,9,4,-5.608789483438152,0.25,0.5062330194313539
14400,macross,3,"{""fast"": 20, ""long_only"": 0, ""slow"": 100, ""stopAtr"": 3, ""trail"": ""none""}",89.06668463263807,10,4,-9.465549123360857,0.25,0.3651698052743535
14400,macross,4,"{""fast"": 20, ""long_only"": 0, ""slow"": 100, ""stopAtr"": 3, ""trail"": ""none""}",76.42396617364388,11,5,-22.49046414211838,0.0,0.0
14400,macross,5,"{""fast"": 10, ""long_only"": 0, ""slow"": 30, ""stopAtr"": 3, ""trail"": ""chandelier""}",7.010527372505673,29,10,-2.03020524454533,0.5,0.854991421515544
14400,macross,6,"{""fast"": 20, ""long_only"": 0, ""slow"": 100, ""stopAtr"": 3, ""trail"": ""chandelier""}",-2.441918118383257,16,4,1.4026887526268454,0.5,2.1929728209057693
14400,macross,7,"{""fast"": 10, ""long_only"": 0, ""slow"": 30, ""stopAtr"": 3, ""trail"": ""none""}",37.5225551388458,33,4,-0.0944500534068657,0.25,0.9835403998040028
14400,rsi2,0,"{""lo"": 5, ""stopAtr"": 2, ""timeBars"": 5, ""trendN"": 100}",2.1045003662378843,17,14,3.889937169918674,0.6428571428571429,1.4039390957871805
14400,rsi2,1,"{""lo"": 5, ""stopAtr"": 3, ""timeBars"": 5, ""trendN"": 200}",3.692412615196716,13,11,-2.893058164538493,0.7272727272727273,0.7376354402216293
14400,rsi2,2,"{""lo"": 5, ""stopAtr"": 3, ""timeBars"": 10, ""trendN"": 200}",1.4579244758874077,24,9,4.710731185574397,0.6666666666666666,3.690630125471779
14400,rsi2,3,"{""lo"": 5, ""stopAtr"": 2, ""timeBars"": 10, ""trendN"": 200}",12.242400546423571,38,13,-14.87853921665773,0.3076923076923077,0.3161920708905257
14400,rsi2,4,"{""lo"": 5, ""stopAtr"": 3, ""timeBars"": 10, ""trendN"": 200}",2.4537620984521222,27,10,2.9135561297244914,0.5,1.89256050346642
14400,rsi2,5,"{""lo"": 10, ""stopAtr"": 2, ""timeBars"": 10, ""trendN"": 200}",17.50435985805927,72,30,-18.87654342607794,0.6,0.6322921944995673
14400,rsi2,6,"{""lo"": 5, ""stopAtr"": 3, ""timeBars"": 10, ""trendN"": 200}",2.00191034353648,31,14,2.083372154723816,0.7142857142857143,1.2628785534672406
14400,rsi2,7,"{""lo"": 5, ""stopAtr"": 3, ""timeBars"": 10, ""trendN"": 200}",4.556012358254902,38,5,0.640495199891871,0.4,1.484391747181364
14400,skewproxy,0,"{""N"": 10, ""dir"": 1, ""exitRate"": 2e-05, ""maxHoldBars"": 8, ""maxRet"": 1.2, ""minRate"": 0.0001, ""minSkew"": 10000, ""stopPct"": 1.5, ""tpPct"": 4}",42.67420715631513,46,19,27.141077032161004,0.4210526315789473,1.6707236935282266
14400,skewproxy,1,"{""N"": 10, ""dir"": 1, ""exitRate"": 2e-05, ""maxHoldBars"": 8, ""maxRet"": 1.2, ""minRate"": 0.0001, ""minSkew"": 10000, ""stopPct"": 1.5, ""tpPct"": 4}",76.58760530376762,46,25,-34.30236509504533,0.24,0.4576486638867376
14400,skewproxy,2,"{""N"": 20, ""dir"": 1, ""exitRate"": 2e-05, ""maxHoldBars"": 8, ""maxRet"": 1.2, ""minRate"": 0.0001, ""minSkew"": 10000, ""stopPct"": 1.5, ""tpPct"": 4}",81.55213571154822,18,2,-7.267607356368757,0.0,0.0
14400,skewproxy,3,"{""N"": 20, ""dir"": 1, ""exitRate"": 2e-05, ""maxHoldBars"": 8, ""maxRet"": 1.2, ""minRate"": 0.0001, ""minSkew"": 10000, ""stopPct"": 1.5, ""tpPct"": 4}",77.3090965848972,19,0,0.0,,
14400,skewproxy,4,"{""N"": 20, ""dir"": 1, ""exitRate"": 2e-05, ""maxHoldBars"": 8, ""maxRet"": 1.2, ""minRate"": 0.0001, ""minSkew"": 10000, ""stopPct"": 1.5, ""tpPct"": 4}",40.06381577376902,12,13,11.242769391264316,0.3846153846153846,1.386874914798368
14400,skewproxy,5,"{""N"": 20, ""dir"": -1, ""exitRate"": 2e-05, ""maxHoldBars"": 8, ""maxRet"": 1.2, ""minRate"": 0.0001, ""minSkew"": 10000, ""stopPct"": 0.8, ""tpPct"": 4}",18.35421401543009,14,4,2.786834313342725,0.25,1.254776409518947
14400,skewproxy,6,"{""N"": 20, ""dir"": -1, ""exitRate"": 2e-05, ""maxHoldBars"": 8, ""maxRet"": 1.2, ""minRate"": 0.0001, ""minSkew"": 10000, ""stopPct"": 0.8, ""tpPct"": 4}",28.816055465976326,16,13,-11.63985802721851,0.1538461538461538,0.6914120042064206
14400,skewproxy,7,"{""N"": 10, ""dir"": -1, ""exitRate"": 2e-05, ""maxHoldBars"": 8, ""maxRet"": 1.2, ""minRate"": 0.0001, ""minSkew"": 10000, ""stopPct"": 1.5, ""tpPct"": 2}",59.78654895796096,80,15,-9.2137116706613,0.4,0.7182390874750012
14400,supertrend,0,"{""adx_min"": 0, ""m"": 2, ""n"": 10}",9.108058474757872,16,11,-0.7334013034118756,0.4545454545454545,0.9572463700452816
14400,supertrend,1,"{""adx_min"": 0, ""m"": 2, ""n"": 10}",3.479853871442817,19,10,126.72944459251516,0.5,10.509199567350024
14400,supertrend,2,"{""adx_min"": 0, ""m"": 2, ""n"": 10}",118.55445451655592,28,17,-22.985587160810944,0.3529411764705882,0.3980649066854262
14400,supertrend,3,"{""adx_min"": 0, ""m"": 2, ""n"": 10}",97.99562040634748,38,12,-17.329772405608978,0.1666666666666666,0.3562558891017338
14400,supertrend,4,"{""adx_min"": 0, ""m"": 2, ""n"": 10}",78.82505222327372,38,15,32.76862961573277,0.4666666666666667,2.988097979067253
14400,supertrend,5,"{""adx_min"": 0, ""m"": 3, ""n"": 10}",2.424740682894338,14,4,-7.676177515743533,0.25,0.0987214340008952
14400,supertrend,6,"{""adx_min"": 25, ""m"": 2, ""n"": 20}",31.7485050368755,16,5,-1.3418534252404526,0.2,0.8784834180118213
14400,supertrend,7,"{""adx_min"": 25, ""m"": 2, ""n"": 20}",43.61115069217683,16,1,3.442138832288878,1.0,inf
14400,trend,0,"{""adx_min"": 0, ""breakout"": 10, ""fast"": 20, ""slow"": 50, ""stopAtr"": 3, ""tpR"": 0, ""trailAtr"": 3}",778.9628049011264,17,15,-4.205845476580792,0.4666666666666667,0.7838203379210791
14400,trend,1,"{""adx_min"": 0, ""breakout"": 10, ""fast"": 20, ""slow"": 50, ""stopAtr"": 2, ""tpR"": 3, ""trailAtr"": 0}",49.001107152027885,45,21,75.88808975203388,0.4285714285714285,2.9003208501806235
14400,trend,2,"{""adx_min"": 0, ""breakout"": 55, ""fast"": 20, ""slow"": 50, ""stopAtr"": 2, ""tpR"": 0, ""trailAtr"": 3}",246.1780661214822,27,13,-11.074296389211474,0.4615384615384615,0.4012274116489451
14400,trend,3,"{""adx_min"": 0, ""breakout"": 55, ""fast"": 20, ""slow"": 50, ""stopAtr"": 2, ""tpR"": 0, ""trailAtr"": 3}",214.17105290906227,33,10,-28.144630154971637,0.2,0.1173138883150391
14400,trend,4,"{""adx_min"": 0, ""breakout"": 55, ""fast"": 20, ""slow"": 50, ""stopAtr"": 2, ""tpR"": 0, ""trailAtr"": 0}",191.33320788409645,28,12,15.717006599328418,0.4166666666666667,1.6445054405820756
14400,trend,5,"{""adx_min"": 0, ""breakout"": 20, ""fast"": 9, ""slow"": 21, ""stopAtr"": 3, ""tpR"": 3, ""trailAtr"": 0}",41.41257460476562,58,19,-14.973205557587368,0.2631578947368421,0.3084158307128594
14400,trend,6,"{""adx_min"": 0, ""breakout"": 20, ""fast"": 9, ""slow"": 21, ""stopAtr"": 3, ""tpR"": 3, ""trailAtr"": 0}",29.579559893781823,56,27,-0.0248582384775808,0.2962962962962963,0.9994369148345944
14400,trend,7,"{""adx_min"": 0, ""breakout"": 20, ""fast"": 9, ""slow"": 21, ""stopAtr"": 2, ""tpR"": 0, ""trailAtr"": 3}",100.0830578010091,69,16,10.315414700196186,0.4375,1.3692068847053032
14400,tsmom,0,"{""H"": 12, ""L"": 168, ""stopAtr"": 3, ""trailAtr"": 4}",808.3204703648366,12,17,-44.05907866684583,0.1764705882352941,0.2603253481891192
14400,tsmom,1,"{""H"": 12, ""L"": 48, ""stopAtr"": 3, ""trailAtr"": 4}",37.590753980765136,17,12,118.69551846691904,0.5833333333333334,6.241185412414284
14400,tsmom,2,"{""H"": 12, ""L"": 48, ""stopAtr"": 3, ""trailAtr"": 4}",163.59039905154503,29,14,2.73665010458644,0.5,1.1255390015538878
14400,tsmom,3,"{""H"": 12, ""L"": 48, ""stopAtr"": 3, ""trailAtr"": 4}",138.1618097754331,36,12,-10.171818473122508,0.3333333333333333,0.6183697726095577
14400,tsmom,4,"{""H"": 12, ""L"": 500, ""stopAtr"": 3, ""trailAtr"": 0}",134.29329187938046,20,3,36.29520260020844,0.6666666666666666,8.300047726978818
14400,tsmom,5,"{""H"": 12, ""L"": 500, ""stopAtr"": 3, ""trailAtr"": 0}",82.70869655487934,9,4,-0.8449159062074596,0.5,0.9197727148302476
14400,tsmom,6,"{""H"": 12, ""L"": 500, ""stopAtr"": 3, ""trailAtr"": 4}",67.82476697064598,30,18,-17.00977317679127,0.2777777777777778,0.5843496910327244
14400,tsmom,7,"{""H"": 12, ""L"": 500, ""stopAtr"": 3, ""trailAtr"": 4}",20.18322271708159,40,6,-15.308058920698716,0.1666666666666666,0.054053634112098
14400,turtle,0,"{""n_in"": 20, ""n_out"": 10, ""stopN"": 3, ""trail"": ""none""}",850.3946855402239,16,13,12.241806562127609,0.4615384615384615,1.6387345485514726
14400,turtle,1,"{""n_in"": 20, ""n_out"": 10, ""stopN"": 2, ""trail"": ""chandelier""}",33.656859822812386,50,17,90.59401582198213,0.3529411764705882,3.0831953931401697
14400,turtle,2,"{""n_in"": 55, ""n_out"": 20, ""stopN"": 2, ""trail"": ""none""}",147.1077259604842,27,12,-17.052413781468225,0.3333333333333333,0.1993895772101648
14400,turtle,3,"{""n_in"": 55, ""n_out"": 20, ""stopN"": 2, ""trail"": ""none""}",134.93836698040377,30,10,-32.88009131654229,0.1,0.2315177199186686
14400,turtle,4,"{""n_in"": 55, ""n_out"": 20, ""stopN"": 2, ""trail"": ""none""}",152.4504434176605,26,9,-25.327058154157832,0.2222222222222222,0.2054174477149862
14400,turtle,5,"{""n_in"": 55, ""n_out"": 20, ""stopN"": 3, ""trail"": ""chandelier""}",11.645182003494972,25,7,-16.05016265260977,0.1428571428571428,0.0507621623513646
14400,turtle,6,"{""n_in"": 100, ""n_out"": 50, ""stopN"": 3, ""trail"": ""chandelier""}",4.883007640334373,11,10,-28.50720276594892,0.2,0.1070985172855205
14400,turtle,7,"{""n_in"": 55, ""n_out"": 20, ""stopN"": 3, ""trail"": ""none""}",35.731542822167874,28,2,3.945241167539815,1.0,inf
