tf,tp_atr,sl_atr,model,folds,oos_from,oos_to,trades,net_usd,hit,sharpe,max_dd,tstat,pf,dsr,halts,kelly_trades,kelly_net,kelly_sharpe,brier_setup,bss_setup,bss_direction,ece_setup
15m,2.0,1.0,hgb,7,2025-07-10,2026-08-09,92,51.5,0.543,1.8,0.038,1.99,1.54,0.013,0,92,106.7,1.8,0.2286,-0.0017,-0.0018,0.0102
4h,2.0,1.0,hgb,19,2023-08-05,2026-08-09,148,47.4,0.486,0.77,0.038,1.3,1.24,0.0,0,148,96.2,0.77,0.2348,-0.0197,-0.0092,0.0523
4h,1.5,1.0,hgb,19,2023-08-05,2026-08-09,200,-0.3,0.455,0.02,0.059,0.03,1.0,0.0,0,196,-16.6,-0.09,0.245,-0.0202,-0.0092,0.0389
4h,2.0,1.0,logit,19,2023-08-05,2026-08-09,137,-12.5,0.394,-0.18,0.1,-0.34,0.94,0.0,0,131,-44.9,-0.34,0.2369,-0.0289,-0.0192,0.0628
1h,2.0,1.0,logit,19,2023-07-11,2026-08-09,32,-8.7,0.375,-0.27,0.035,-0.53,0.82,0.0,0,32,-17.8,-0.27,0.2259,-0.0067,-0.0057,0.0197
4h,1.5,1.0,logit,19,2023-08-05,2026-08-09,239,-24.5,0.427,-0.34,0.09,-0.57,0.92,0.0,0,230,-70.7,-0.52,0.2458,-0.0235,-0.0192,0.0506
4h,1.0,1.5,hgb,19,2023-08-05,2026-08-09,508,-31.2,0.622,-0.43,0.155,-0.74,0.93,0.0,1,214,-14.3,-0.14,0.2478,-0.0223,-0.0092,0.0429
1h,1.5,1.0,hgb,19,2023-07-11,2026-08-09,99,-26.4,0.424,-0.57,0.077,-1.06,0.81,0.0,0,99,-52.6,-0.57,0.2403,-0.0037,-0.0055,0.0186
4h,1.0,1.0,hgb,19,2023-08-05,2026-08-09,320,-41.4,0.525,-0.61,0.116,-1.06,0.88,0.0,1,272,-46.1,-0.35,0.2525,-0.0163,-0.0092,0.0334
1h,1.5,1.0,logit,19,2023-07-11,2026-08-09,39,-24.1,0.359,-0.83,0.055,-1.61,0.6,0.0,0,38,-51.8,-0.92,0.2412,-0.0073,-0.0057,0.022
15m,1.5,1.0,hgb,7,2025-07-10,2026-08-09,88,-18.3,0.443,-0.88,0.079,-0.87,0.82,0.0,0,81,-27.9,-0.67,0.2389,-0.002,-0.0018,0.0077
1h,2.0,1.0,hgb,19,2023-07-11,2026-08-09,51,-38.5,0.275,-1.05,0.093,-2.09,0.54,0.0,0,51,-74.7,-1.05,0.2255,-0.0045,-0.0055,0.0106
4h,1.0,1.5,logit,19,2023-08-05,2026-08-09,431,-75.6,0.589,-1.19,0.179,-2.12,0.8,0.0,1,260,-25.3,-0.22,0.2473,-0.0202,-0.0192,0.0537
15m,2.0,1.0,logit,7,2025-07-10,2026-08-09,13,-13.1,0.231,-1.25,0.032,-1.64,0.37,0.0,0,13,-26.0,-1.25,0.2291,-0.004,-0.0022,0.0067
4h,1.0,1.0,logit,19,2023-08-05,2026-08-09,418,-95.0,0.498,-1.31,0.214,-2.28,0.79,0.0,2,259,-134.2,-1.21,0.2547,-0.0249,-0.0192,0.0508
1h,1.0,1.5,hgb,19,2023-07-11,2026-08-09,1059,-189.4,0.612,-2.34,0.38,-4.1,0.75,0.0,5,381,-86.0,-0.88,0.2415,-0.0037,-0.0055,0.0126
1h,1.0,1.0,hgb,19,2023-07-11,2026-08-09,1137,-227.3,0.522,-2.43,0.473,-4.27,0.77,0.0,7,393,-169.4,-1.47,0.2505,-0.0039,-0.0055,0.0149
15m,1.0,1.5,logit,7,2025-07-10,2026-08-09,205,-70.7,0.605,-2.82,0.143,-3.35,0.59,0.0,1,68,-57.2,-2.2,0.2427,-0.0025,-0.0022,0.0075
15m,1.5,1.0,logit,7,2025-07-10,2026-08-09,40,-53.1,0.2,-2.86,0.113,-4.96,0.21,0.0,1,40,-100.9,-2.86,0.2394,-0.004,-0.0022,0.0082
1h,1.0,1.5,logit,19,2023-07-11,2026-08-09,1003,-212.1,0.608,-2.95,0.439,-5.01,0.71,0.0,5,319,-110.1,-1.35,0.242,-0.0057,-0.0057,0.0215
15m,1.0,1.0,logit,7,2025-07-10,2026-08-09,215,-89.1,0.484,-3.04,0.181,-3.51,0.61,0.0,1,63,-87.5,-2.55,0.2499,-0.0021,-0.0022,0.0115
1h,1.0,1.0,logit,19,2023-07-11,2026-08-09,931,-239.1,0.515,-3.04,0.487,-5.26,0.7,0.0,6,191,-124.0,-1.65,0.2509,-0.0055,-0.0057,0.0222
15m,1.0,1.0,hgb,7,2025-07-10,2026-08-09,575,-138.1,0.532,-3.19,0.296,-3.54,0.73,0.0,3,224,-25.6,-0.43,0.2497,-0.0014,-0.0018,0.0101
15m,1.0,1.5,hgb,7,2025-07-10,2026-08-09,764,-202.0,0.618,-5.22,0.416,-5.89,0.61,0.0,5,204,-131.7,-2.97,0.2425,-0.0019,-0.0018,0.0104
